file,word,person,source,frames,detected,face_frames
dilo-dilo-gracias-02-000,GRACIAS,dilo,dilo-gracias-02,86,86,86
dilo-dilo-gracias-03-001,GRACIAS,dilo,dilo-gracias-03,47,47,47
dilo-dilo-gracias-03-002,GRACIAS,dilo,dilo-gracias-03,86,86,86
dilo-dilo-gracias-04-003,GRACIAS,dilo,dilo-gracias-04,67,67,67
dilo-dilo-gracias-05-004,GRACIAS,dilo,dilo-gracias-05,64,64,64
dilo-dilo-gracias-06-005,GRACIAS,dilo,dilo-gracias-06,66,66,66
dilo-dilo-gracias-07-006,GRACIAS,dilo,dilo-gracias-07,67,67,67
dilo-dilo-gracias-08-007,GRACIAS,dilo,dilo-gracias-08,66,66,66
dilo-dilo-hola-01-000,HOLA,dilo,dilo-hola-01,72,72,72
conadis-conadis-por_favor-01-000,POR FAVOR,conadis,conadis-por_favor-01,79,79,69
conadis-conadis-por_favor-01-001,POR FAVOR,conadis,conadis-por_favor-01,46,46,46
conadis-conadis-por_favor-01-002,POR FAVOR,conadis,conadis-por_favor-01,92,92,92
conadis-conadis-por_favor-01-003,POR FAVOR,conadis,conadis-por_favor-01,69,69,69
conadis-conadis-por_favor-01-004,POR FAVOR,conadis,conadis-por_favor-01,50,50,50
tiktok-tiktok-ayuda-01-000,AYUDA,tiktok,tiktok-ayuda-01,43,43,43
tiktok-tiktok-ayuda-01-001,AYUDA,tiktok,tiktok-ayuda-01,43,43,43
tiktok-tiktok-ayuda-01-002,AYUDA,tiktok,tiktok-ayuda-01,77,77,77
tiktok-tiktok-ayuda-01-003,AYUDA,tiktok,tiktok-ayuda-01,205,205,205
tiktok-tiktok-ayuda-01-004,AYUDA,tiktok,tiktok-ayuda-01,71,71,71
tiktok-tiktok-ayuda-01-005,AYUDA,tiktok,tiktok-ayuda-01,43,43,43
tiktok-tiktok-ayuda-01-006,AYUDA,tiktok,tiktok-ayuda-01,75,75,75
tiktok-tiktok-ayuda-01-007,AYUDA,tiktok,tiktok-ayuda-01,205,205,205
tiktok-tiktok-ayuda-01-008,AYUDA,tiktok,tiktok-ayuda-01,130,130,130
tiktok-tiktok-ayuda-01-009,AYUDA,tiktok,tiktok-ayuda-01,193,193,193
tiktok-tiktok-por_favor-01-005,POR FAVOR,tiktok,tiktok-por_favor-01,193,193,193
tiktok-tiktok-por_favor-01-006,POR FAVOR,tiktok,tiktok-por_favor-01,195,195,195
tiktok-tiktok-por_favor-01-007,POR FAVOR,tiktok,tiktok-por_favor-01,178,178,178
tiktok-tiktok-por_favor-01-008,POR FAVOR,tiktok,tiktok-por_favor-01,138,138,138
tiktok-tiktok-por_favor-01-009,POR FAVOR,tiktok,tiktok-por_favor-01,135,135,135
usaer274-usaer274-mama-01-000,MAMÁ,usaer274,usaer274-mama-01,142,142,142
usaer274-usaer274-mama-01-001,MAMÁ,usaer274,usaer274-mama-01,88,88,88
usaer274-usaer274-mama-01-002,MAMÁ,usaer274,usaer274-mama-01,175,175,175
usaer274-usaer274-mama-01-003,MAMÁ,usaer274,usaer274-mama-01,110,110,110
usaer274-usaer274-mama-01-004,MAMÁ,usaer274,usaer274-mama-01,37,37,37
usaer274-usaer274-mama-01-005,MAMÁ,usaer274,usaer274-mama-01,112,112,112
usaer274-usaer274-mama-01-006,MAMÁ,usaer274,usaer274-mama-01,202,202,202
usaer274-usaer274-mama-01-007,MAMÁ,usaer274,usaer274-mama-01,202,202,202
usaer274-usaer274-mama-01-008,MAMÁ,usaer274,usaer274-mama-01,147,147,147
usaer274-usaer274-mama-01-009,MAMÁ,usaer274,usaer274-mama-01,166,166,166
usaer274-usaer274-mama-01-010,MAMÁ,usaer274,usaer274-mama-01,144,144,144
usaer274-usaer274-mama-01-011,MAMÁ,usaer274,usaer274-mama-01,112,112,112
usaer274-usaer274-mama-01-012,MAMÁ,usaer274,usaer274-mama-01,108,108,108
usaer274-usaer274-mama-01-013,MAMÁ,usaer274,usaer274-mama-01,36,36,36
usaer274-usaer274-mama-01-014,MAMÁ,usaer274,usaer274-mama-01,123,123,123
usaer274-usaer274-mama-01-015,MAMÁ,usaer274,usaer274-mama-01,47,47,47
