timestamp,person,sign,pulgar,indice,medio,anular,menique,lm0_x,lm0_y,lm0_z,lm1_x,lm1_y,lm1_z,lm2_x,lm2_y,lm2_z,lm3_x,lm3_y,lm3_z,lm4_x,lm4_y,lm4_z,lm5_x,lm5_y,lm5_z,lm6_x,lm6_y,lm6_z,lm7_x,lm7_y,lm7_z,lm8_x,lm8_y,lm8_z,lm9_x,lm9_y,lm9_z,lm10_x,lm10_y,lm10_z,lm11_x,lm11_y,lm11_z,lm12_x,lm12_y,lm12_z,lm13_x,lm13_y,lm13_z,lm14_x,lm14_y,lm14_z,lm15_x,lm15_y,lm15_z,lm16_x,lm16_y,lm16_z,lm17_x,lm17_y,lm17_z,lm18_x,lm18_y,lm18_z,lm19_x,lm19_y,lm19_z,lm20_x,lm20_y,lm20_z,imu_roll,imu_pitch,imu_yaw
2026-09-29T17:05:02.729879,rayexper,N,155.89280778001896,176.16848734765136,174.5997673167903,22.157604686636077,34.32472410272129,0.0,0.0,0.0,-0.29666,0.28916,-0.13006,-0.44313,0.94022,-0.26988,-0.37826,1.54613,-0.37342,-0.23168,1.93958,-0.47926,-0.44905,0.8652,-0.52134,-0.36561,1.80614,-0.68479,-0.30483,2.28152,-0.74919,-0.2617,2.68058,-0.78323,-0.17537,0.83354,-0.52389,-0.11762,1.90791,-0.69505,-0.10331,2.53389,-0.73547,-0.08567,2.99738,-0.76783,0.07355,0.83727,-0.50437,0.03812,1.85642,-0.63578,-0.05486,1.70819,-0.55925,-0.09247,1.44103,-0.48652,0.27125,0.87202,-0.49095,0.15934,1.62837,-0.57613,0.05721,1.52791,-0.51574,0.01904,1.31839,-0.45815,,,
2026-09-29T17:05:02.962713,rayexper,N,157.30418669075513,177.0213858221405,174.8994416185436,27.259933015312843,42.819678895072784,0.0,0.0,0.0,-0.32722,0.25275,-0.07801,-0.50066,0.84369,-0.19911,-0.47882,1.42962,-0.29227,-0.38066,1.85608,-0.3919,-0.52889,0.81135,-0.49045,-0.47244,1.81032,-0.63483,-0.4276,2.30168,-0.69224,-0.39657,2.70989,-0.72466,-0.26384,0.82232,-0.50416,-0.23652,1.92466,-0.65459,-0.24778,2.54678,-0.68444,-0.25227,3.00049,-0.71456,-0.01708,0.86073,-0.48911,-0.08684,1.87831,-0.58238,-0.18585,1.74784,-0.4992,-0.22695,1.48941,-0.43433,0.18378,0.9225,-0.4763,0.05106,1.66343,-0.53764,-0.05458,1.58586,-0.47397,-0.10703,1.39715,-0.41981,,,
2026-09-29T17:05:03.163766,rayexper,N,157.50310979855905,176.88368212754673,175.01510438699913,27.9777510425664,41.00947736161662,0.0,0.0,0.0,-0.32164,0.27108,-0.09343,-0.48445,0.88029,-0.22397,-0.4523,1.46586,-0.3221,-0.34369,1.88248,-0.42558,-0.50132,0.8216,-0.51606,-0.43294,1.80792,-0.66845,-0.38167,2.30668,-0.73137,-0.3415,2.71667,-0.76758,-0.23143,0.81931,-0.52456,-0.20287,1.91385,-0.68089,-0.21103,2.5414,-0.71328,-0.2076,2.98729,-0.74566,0.01695,0.85651,-0.50492,-0.04766,1.88692,-0.59885,-0.15027,1.76141,-0.5119,-0.19532,1.49707,-0.44595,0.21727,0.92366,-0.48938,0.08941,1.67639,-0.55055,-0.01683,1.59162,-0.48531,-0.06891,1.39467,-0.43117,,,
2026-09-29T17:05:03.357472,rayexper,N,157.95804252023302,176.8194078111769,174.905603977841,22.379495974432047,34.17137977391018,0.0,0.0,0.0,-0.30331,0.27207,-0.09219,-0.45373,0.87273,-0.21359,-0.41901,1.4541,-0.30639,-0.30786,1.86205,-0.40186,-0.48301,0.84479,-0.46603,-0.41636,1.80096,-0.61112,-0.36815,2.28118,-0.6689,-0.33193,2.67966,-0.70074,-0.22442,0.8491,-0.47819,-0.18685,1.90589,-0.63132,-0.18678,2.50901,-0.66476,-0.18131,2.94639,-0.69396,0.01745,0.88079,-0.46676,-0.03316,1.86669,-0.57291,-0.1196,1.71245,-0.49358,-0.15469,1.44685,-0.42589,0.21247,0.93371,-0.45923,0.09492,1.65115,-0.52796,0.00282,1.54157,-0.4654,-0.03695,1.33737,-0.40934,,,
2026-09-29T17:05:03.563111,rayexper,N,158.56851592175266,176.9258179677815,175.27160929131225,23.525655323358777,37.234778955275175,0.0,0.0,0.0,-0.29761,0.27864,-0.09397,-0.44366,0.87601,-0.21407,-0.40967,1.45587,-0.30411,-0.3034,1.86579,-0.39669,-0.47387,0.86038,-0.46415,-0.39776,1.79,-0.60515,-0.33987,2.25804,-0.66483,-0.29688,2.64831,-0.70006,-0.21629,0.85521,-0.471,-0.17204,1.87849,-0.62101,-0.16877,2.47253,-0.65785,-0.16013,2.90527,-0.69209,0.02335,0.87977,-0.45367,-0.02176,1.85505,-0.55416,-0.11119,1.71462,-0.47782,-0.14966,1.45639,-0.41507,0.21497,0.9297,-0.44047,0.10402,1.64087,-0.50796,0.00699,1.5487,-0.45031,-0.04014,1.355,-0.39895,,,
2026-09-29T17:05:03.761538,rayexper,N,158.1544326256781,176.81670481939616,174.67011082802952,23.241861018954758,34.986978143439,0.0,0.0,0.0,-0.30174,0.28005,-0.10329,-0.44178,0.89195,-0.22594,-0.39812,1.47242,-0.31651,-0.28038,1.87288,-0.40963,-0.46928,0.85618,-0.47709,-0.38842,1.78015,-0.62225,-0.33538,2.25463,-0.68063,-0.29569,2.65114,-0.71271,-0.20766,0.85147,-0.48153,-0.15379,1.88603,-0.63317,-0.14893,2.48541,-0.66582,-0.13848,2.91495,-0.69495,0.033,0.87405,-0.4628,-0.00881,1.84781,-0.56766,-0.09965,1.70956,-0.49116,-0.13593,1.44765,-0.42563,0.22481,0.91899,-0.44896,0.11545,1.62925,-0.51659,0.01975,1.53013,-0.45687,-0.02106,1.32768,-0.40315,,,
2026-09-29T17:05:03.959769,rayexper,N,158.37622899744932,176.78341176946094,174.49836674390633,22.406324633737647,33.07256844861594,0.0,0.0,0.0,-0.29526,0.2879,-0.1028,-0.43285,0.89584,-0.22327,-0.38705,1.47203,-0.31322,-0.2743,1.8692,-0.40472,-0.46184,0.87248,-0.45996,-0.37774,1.78688,-0.60296,-0.32319,2.25673,-0.65964,-0.28437,2.64786,-0.69049,-0.20458,0.86059,-0.4664,-0.14345,1.88706,-0.6184,-0.13518,2.47921,-0.65197,-0.12648,2.90182,-0.68004,0.03489,0.87288,-0.45112,0.00292,1.83377,-0.56011,-0.0857,1.69092,-0.48406,-0.12352,1.42931,-0.41646,0.22689,0.90663,-0.44078,0.12445,1.61189,-0.51153,0.03272,1.5069,-0.45133,-0.00562,1.30247,-0.39567,,,
2026-09-29T17:05:04.140093,rayexper,N,157.60036938207378,176.9004068353517,174.9616090729322,20.79549130434805,30.35428160094256,0.0,0.0,0.0,-0.29115,0.28321,-0.08998,-0.43345,0.88036,-0.20698,-0.38862,1.45454,-0.2971,-0.27333,1.84801,-0.39024,-0.46964,0.87183,-0.44685,-0.39561,1.78302,-0.59119,-0.34619,2.25651,-0.65045,-0.30925,2.64997,-0.68354,-0.21899,0.85944,-0.46195,-0.16541,1.89031,-0.61498,-0.15416,2.48468,-0.6511,-0.14332,2.91185,-0.68105,0.0198,0.86969,-0.45465,-0.01114,1.83746,-0.56477,-0.0895,1.68595,-0.48592,-0.12362,1.42278,-0.41607,0.21651,0.89805,-0.45128,0.11755,1.6112,-0.5222,0.03444,1.49838,-0.45829,0.00159,1.28844,-0.39945,,,
2026-09-29T17:05:04.340421,rayexper,N,157.13268342565974,176.85538618245764,174.88282234968983,22.363362721893296,34.3748317181684,0.0,0.0,0.0,-0.29569,0.26634,-0.09974,-0.44618,0.85636,-0.22216,-0.40693,1.43531,-0.31419,-0.29144,1.83503,-0.40918,-0.47789,0.85273,-0.4719,-0.40974,1.77076,-0.62003,-0.36216,2.24602,-0.6811,-0.32614,2.63956,-0.71565,-0.223,0.84851,-0.4799,-0.17573,1.87504,-0.63804,-0.16781,2.47392,-0.67609,-0.15714,2.90314,-0.70787,0.01759,0.86805,-0.46463,-0.02335,1.83584,-0.57407,-0.10638,1.69264,-0.49478,-0.14148,1.43207,-0.42563,0.21233,0.90892,-0.45388,0.10472,1.61877,-0.52381,0.01358,1.51963,-0.46184,-0.02548,1.31922,-0.40496,,,
2026-09-29T17:05:04.509423,rayexper,N,157.7726754904474,177.02069069598534,175.24558398292868,21.21644480616468,34.15974625772666,0.0,0.0,0.0,-0.29321,0.28018,-0.09372,-0.44014,0.88071,-0.21447,-0.40109,1.46536,-0.30567,-0.28518,1.87295,-0.40021,-0.47795,0.86495,-0.46267,-0.40988,1.79316,-0.60963,-0.35807,2.26864,-0.67334,-0.31936,2.6659,-0.71013,-0.22536,0.852,-0.47256,-0.18309,1.88509,-0.62605,-0.17628,2.48072,-0.66358,-0.16761,2.9155,-0.69673,0.01388,0.87052,-0.4591,-0.02459,1.85799,-0.56772,-0.10209,1.71481,-0.49111,-0.13605,1.45293,-0.42506,0.21047,0.91649,-0.44943,0.10473,1.63493,-0.52186,0.01785,1.53983,-0.46243,-0.02302,1.34359,-0.40792,,,
2026-09-29T17:05:04.712590,rayexper,N,157.20401519429427,176.53921148723649,174.8613863970146,20.78052592223929,31.509081696969606,0.0,0.0,0.0,-0.29992,0.2646,-0.09427,-0.45843,0.85461,-0.21289,-0.42583,1.43671,-0.30245,-0.31618,1.8474,-0.39545,-0.48597,0.85493,-0.46021,-0.42861,1.78649,-0.60471,-0.38283,2.26534,-0.66243,-0.34798,2.65925,-0.69388,-0.23409,0.85089,-0.47031,-0.19278,1.89267,-0.6218,-0.1872,2.48596,-0.65404,-0.18001,2.91357,-0.68186,0.0051,0.87127,-0.45759,-0.03486,1.85389,-0.56564,-0.1113,1.70037,-0.48432,-0.14245,1.43299,-0.41376,0.20452,0.91125,-0.4489,0.0992,1.63539,-0.51924,0.01585,1.52931,-0.45522,-0.01799,1.32143,-0.39674,,,
2026-09-29T17:05:04.906790,rayexper,N,157.3926854928492,176.7542773512117,174.91887658112105,22.511053890312663,32.47756353654432,0.0,0.0,0.0,-0.29177,0.28642,-0.08811,-0.43828,0.88076,-0.20439,-0.39519,1.4578,-0.29234,-0.28058,1.86046,-0.38356,-0.46514,0.87535,-0.45357,-0.40092,1.78329,-0.59911,-0.35439,2.25749,-0.65965,-0.31778,2.64833,-0.69308,-0.21471,0.85816,-0.46632,-0.17157,1.88063,-0.61881,-0.16218,2.46828,-0.65293,-0.15159,2.88966,-0.68154,0.02393,0.86926,-0.45583,-0.01099,1.84678,-0.56249,-0.08869,1.71124,-0.48069,-0.12308,1.45381,-0.40989,0.22364,0.90218,-0.44895,0.12233,1.62344,-0.51715,0.03962,1.52626,-0.45192,0.00561,1.32348,-0.39236,,,
2026-09-29T17:05:05.098126,rayexper,N,158.11004895940462,177.05872172505408,175.26035881265898,21.71739114048286,30.921464503093986,0.0,0.0,0.0,-0.29182,0.28616,-0.09146,-0.437,0.89413,-0.21137,-0.39905,1.4725,-0.30142,-0.28406,1.87641,-0.39663,-0.46607,0.87248,-0.4746,-0.39695,1.7874,-0.62321,-0.34941,2.26287,-0.68715,-0.31088,2.65685,-0.72386,-0.21065,0.84763,-0.48698,-0.16613,1.87609,-0.63896,-0.15849,2.46795,-0.67422,-0.14538,2.88831,-0.70691,0.03039,0.85649,-0.47522,-0.00384,1.84312,-0.58208,-0.08463,1.70762,-0.50474,-0.11938,1.44326,-0.43988,0.2304,0.89286,-0.46688,0.13262,1.62171,-0.54035,0.04806,1.52137,-0.48088,0.01255,1.3108,-0.42697,,,
2026-09-29T17:05:05.262738,rayexper,N,157.143295717572,176.66817881201865,174.9747230093932,21.49960284209017,29.886580073460348,0.0,0.0,0.0,-0.29632,0.2754,-0.09845,-0.44768,0.88468,-0.21873,-0.40642,1.46947,-0.30847,-0.28564,1.87403,-0.40187,-0.47612,0.86081,-0.47066,-0.40782,1.77498,-0.61957,-0.36048,2.25573,-0.68047,-0.32385,2.65089,-0.71385,-0.21748,0.84913,-0.48133,-0.16942,1.88545,-0.63743,-0.16092,2.48764,-0.67395,-0.14789,2.91246,-0.70466,0.02706,0.86599,-0.46909,-0.00613,1.85274,-0.58216,-0.08902,1.71244,-0.50544,-0.12387,1.44614,-0.43726,0.22866,0.90678,-0.46085,0.12786,1.63293,-0.53642,0.04321,1.5234,-0.47569,0.01117,1.30817,-0.4189,,,
2026-09-29T17:05:05.461708,rayexper,N,157.3195784151777,176.5015751808692,174.66138896771835,20.27548739111621,30.43017399143119,0.0,0.0,0.0,-0.30121,0.27359,-0.10413,-0.4575,0.89046,-0.22243,-0.42499,1.47745,-0.31041,-0.3032,1.88312,-0.40107,-0.47084,0.86933,-0.45774,-0.40615,1.79082,-0.60158,-0.35913,2.26658,-0.65768,-0.32593,2.66031,-0.68691,-0.20809,0.85976,-0.46638,-0.16007,1.8997,-0.61774,-0.15337,2.49328,-0.64949,-0.14346,2.92051,-0.67504,0.03554,0.87464,-0.45442,-0.00304,1.85814,-0.57399,-0.08712,1.70617,-0.50225,-0.11845,1.43632,-0.43352,0.23356,0.91325,-0.44656,0.12424,1.64136,-0.52793,0.03583,1.53,-0.47022,0.00448,1.31559,-0.41359,,,
2026-09-29T17:05:05.662466,rayexper,N,157.41482283032443,176.509876187424,174.80769973302415,20.930991531142308,30.1087276890376,0.0,0.0,0.0,-0.29389,0.29455,-0.10244,-0.43794,0.91624,-0.22416,-0.39364,1.49273,-0.31557,-0.26775,1.88647,-0.41033,-0.45315,0.88271,-0.46873,-0.3801,1.8022,-0.61801,-0.32807,2.27711,-0.67819,-0.28901,2.67091,-0.70996,-0.18866,0.85702,-0.4795,-0.13466,1.89578,-0.63582,-0.12262,2.49125,-0.67088,-0.10587,2.91977,-0.6991,0.05792,0.86259,-0.46871,0.02786,1.85254,-0.58712,-0.05825,1.7048,-0.51219,-0.092,1.43743,-0.44264,0.25839,0.89529,-0.462,0.15749,1.62874,-0.54055,0.06859,1.51655,-0.47929,0.03796,1.30228,-0.42106,,,
2026-09-29T17:05:05.830432,rayexper,N,157.8797235170472,176.6201641449346,174.80317758782908,20.540322825916647,30.295440766873988,0.0,0.0,0.0,-0.29659,0.28016,-0.10486,-0.44449,0.89897,-0.22584,-0.40421,1.49092,-0.31534,-0.28538,1.89817,-0.40704,-0.47028,0.86382,-0.46874,-0.39831,1.78868,-0.61683,-0.34788,2.26872,-0.676,-0.31183,2.66714,-0.708,-0.20616,0.85442,-0.47693,-0.15314,1.89662,-0.63269,-0.14302,2.49267,-0.66753,-0.12972,2.91945,-0.69602,0.03999,0.87151,-0.46363,0.00714,1.86018,-0.5822,-0.0775,1.71052,-0.50828,-0.11067,1.4411,-0.43962,0.23901,0.91304,-0.45457,0.13606,1.6379,-0.5351,0.04787,1.52592,-0.47703,0.01529,1.31402,-0.42078,,,
2026-09-29T17:05:06.073420,rayexper,N,157.64933146167505,176.29233083948648,174.8857696572533,21.012019486365457,29.209812545224917,0.0,0.0,0.0,-0.29642,0.29064,-0.09387,-0.44466,0.9105,-0.21207,-0.40166,1.49472,-0.30122,-0.2822,1.9052,-0.39455,-0.46716,0.88467,-0.4657,-0.39536,1.80865,-0.61381,-0.34112,2.29144,-0.67291,-0.29979,2.68578,-0.70369,-0.20524,0.85281,-0.4802,-0.15388,1.90167,-0.63383,-0.13857,2.50597,-0.66667,-0.12269,2.93422,-0.69379,0.04156,0.85468,-0.47222,0.01463,1.85196,-0.58817,-0.06492,1.71461,-0.51247,-0.10032,1.44772,-0.44299,0.24696,0.88524,-0.4674,0.14993,1.62814,-0.54391,0.06919,1.52347,-0.48146,0.03909,1.30671,-0.42248,,,
2026-09-29T17:05:06.798850,rayexper,N,157.96830124216368,176.40696745562101,174.75303912333476,19.709368217389503,27.719197252473116,0.0,0.0,0.0,-0.29036,0.33542,-0.08831,-0.41611,0.97313,-0.22011,-0.35057,1.54979,-0.32294,-0.22119,1.94434,-0.43373,-0.4712,0.8981,-0.50503,-0.38584,1.80611,-0.67112,-0.33359,2.29874,-0.74165,-0.29174,2.69681,-0.77773,-0.20107,0.82411,-0.52954,-0.14216,1.88597,-0.69356,-0.11694,2.50949,-0.72845,-0.08597,2.93888,-0.75845,0.05589,0.80683,-0.52906,0.06619,1.86108,-0.65092,-0.00807,1.74731,-0.57467,-0.04662,1.4655,-0.5055,0.279,0.83265,-0.53012,0.23047,1.6563,-0.61009,0.14987,1.56951,-0.54462,0.10726,1.33333,-0.48335,,,
2026-09-29T17:05:06.991847,rayexper,N,158.13919613520088,176.39773305689286,174.570250168514,20.2828902624728,29.522848970967722,0.0,0.0,0.0,-0.29275,0.33206,-0.09499,-0.42256,0.96667,-0.23401,-0.36285,1.5463,-0.34253,-0.23427,1.95176,-0.45916,-0.47323,0.89013,-0.52672,-0.38337,1.82422,-0.69777,-0.32823,2.31938,-0.76957,-0.28317,2.71706,-0.80556,-0.20305,0.81076,-0.54904,-0.14222,1.89257,-0.72205,-0.12023,2.5212,-0.75961,-0.09143,2.95559,-0.79019,0.05396,0.79249,-0.54519,0.06459,1.86517,-0.67125,-0.00925,1.75396,-0.59246,-0.04682,1.477,-0.52118,0.27654,0.82309,-0.54317,0.23396,1.66192,-0.62383,0.15016,1.58149,-0.55568,0.10184,1.3493,-0.49245,,,
2026-09-29T17:05:07.198728,rayexper,N,158.44488404166208,176.50236660378903,174.6727375529817,21.05339326233231,29.922291571157132,0.0,0.0,0.0,-0.28644,0.33009,-0.08795,-0.41316,0.96262,-0.21967,-0.3554,1.53985,-0.32255,-0.2292,1.93695,-0.4333,-0.46539,0.89229,-0.51053,-0.37213,1.81823,-0.67607,-0.31825,2.31357,-0.74483,-0.27356,2.71262,-0.78066,-0.19884,0.82073,-0.5356,-0.13517,1.89247,-0.70814,-0.10948,2.52412,-0.74735,-0.07564,2.95667,-0.77904,0.05725,0.80716,-0.53437,0.06708,1.85923,-0.65726,-0.01191,1.74455,-0.5766,-0.05085,1.46953,-0.50436,0.27801,0.83814,-0.53495,0.23351,1.66757,-0.61302,0.14739,1.58439,-0.54439,0.10084,1.3562,-0.48115,,,
2026-09-29T17:05:07.395261,rayexper,N,158.44122288623393,176.15846471965457,174.4537355799503,19.24389161292626,28.27755602120814,0.0,0.0,0.0,-0.28381,0.32407,-0.08774,-0.41448,0.95636,-0.21272,-0.35917,1.5391,-0.30933,-0.23572,1.94028,-0.41162,-0.46174,0.89764,-0.48924,-0.37762,1.80826,-0.6521,-0.32499,2.29957,-0.71814,-0.28407,2.70124,-0.75153,-0.19508,0.8362,-0.51256,-0.13103,1.90355,-0.6787,-0.1088,2.52054,-0.71278,-0.08417,2.9542,-0.74036,0.05963,0.82844,-0.51201,0.06742,1.87835,-0.63763,-0.00857,1.74305,-0.5573,-0.04587,1.46006,-0.48245,0.27873,0.85787,-0.51346,0.22021,1.67569,-0.5945,0.1375,1.57979,-0.52777,0.09852,1.35223,-0.46431,,,
2026-09-29T17:05:07.576310,rayexper,N,157.9079885991173,176.1863929548424,174.4655380304341,19.396148575292756,27.616823554819714,0.0,0.0,0.0,-0.28343,0.32579,-0.08397,-0.41799,0.95184,-0.20838,-0.36447,1.53229,-0.30511,-0.23816,1.93262,-0.40803,-0.46441,0.89809,-0.48895,-0.3781,1.82183,-0.64914,-0.32326,2.31462,-0.71275,-0.2813,2.71541,-0.7448,-0.20085,0.83424,-0.51351,-0.13253,1.91189,-0.67983,-0.10897,2.53227,-0.71381,-0.0864,2.96582,-0.74131,0.05324,0.82753,-0.51326,0.05974,1.88174,-0.63692,-0.01413,1.74589,-0.55476,-0.05057,1.46432,-0.47895,0.27234,0.86019,-0.51463,0.21445,1.68538,-0.59274,0.13432,1.5862,-0.52299,0.09781,1.35464,-0.45749,,,
2026-09-29T17:05:07.740756,rayexper,N,155.98332804890896,176.35623746339334,174.42998101868136,20.88781470389693,31.68968722291548,0.0,0.0,0.0,-0.28708,0.28791,-0.05645,-0.44835,0.87727,-0.16827,-0.4179,1.44475,-0.25988,-0.29383,1.83789,-0.3607,-0.48295,0.87653,-0.45414,-0.42221,1.81731,-0.60231,-0.38247,2.30513,-0.65795,-0.35156,2.69477,-0.68555,-0.23288,0.84056,-0.48911,-0.18956,1.93242,-0.64622,-0.18622,2.54812,-0.6754,-0.18031,2.97144,-0.69877,0.01251,0.84687,-0.49725,-0.00594,1.8806,-0.60403,-0.07283,1.73254,-0.51038,-0.10103,1.45861,-0.42895,0.2266,0.87622,-0.50604,0.14602,1.69134,-0.5683,0.0682,1.59964,-0.48814,0.03829,1.38459,-0.41647,,,
2026-09-29T17:05:07.963048,rayexper,N,156.7237513796207,177.7196608231347,175.3186714879225,24.471328184922722,36.56473453313193,0.0,0.0,0.0,-0.29923,0.29648,-0.05936,-0.46116,0.88152,-0.18514,-0.43155,1.45154,-0.28728,-0.31808,1.85959,-0.39903,-0.49398,0.85133,-0.51108,-0.42367,1.8424,-0.67456,-0.37965,2.33842,-0.74752,-0.34116,2.73946,-0.79148,-0.23361,0.80684,-0.54261,-0.19262,1.93998,-0.71327,-0.1952,2.56995,-0.75413,-0.19015,3.00661,-0.79333,0.01868,0.81841,-0.54272,-0.01709,1.91215,-0.64018,-0.09968,1.77819,-0.53996,-0.13754,1.49944,-0.46524,0.22941,0.8709,-0.54441,0.13829,1.6944,-0.60973,0.04196,1.61365,-0.53634,-0.00723,1.40356,-0.47464,,,
2026-09-29T17:05:08.134273,rayexper,N,155.89850196013282,177.28913879369395,174.86417542295868,22.651661829862043,34.64972303951235,0.0,0.0,0.0,-0.28746,0.30186,-0.03736,-0.44523,0.86995,-0.14484,-0.41707,1.41623,-0.23695,-0.30052,1.78376,-0.33834,-0.47261,0.87601,-0.44416,-0.40688,1.83333,-0.59047,-0.36993,2.30823,-0.64859,-0.34056,2.69627,-0.68142,-0.22789,0.84242,-0.48825,-0.18277,1.94997,-0.6379,-0.18185,2.54779,-0.66528,-0.18091,2.96134,-0.69189,0.01484,0.83665,-0.5038,-0.01073,1.86548,-0.59215,-0.08827,1.69739,-0.48852,-0.1257,1.41627,-0.40841,0.22089,0.84535,-0.52036,0.13827,1.63645,-0.57619,0.05067,1.54355,-0.49646,0.01219,1.34002,-0.42901,,,
2026-09-29T17:05:08.298255,rayexper,N,157.23966365423354,177.2822451760229,175.5620496863687,21.867630727229443,34.777748767646386,0.0,0.0,0.0,-0.29238,0.29299,-0.032,-0.44168,0.86188,-0.13285,-0.41216,1.41229,-0.21938,-0.3046,1.78983,-0.31453,-0.48415,0.87307,-0.41861,-0.42016,1.83033,-0.55711,-0.37693,2.30143,-0.61346,-0.34278,2.68851,-0.6452,-0.23675,0.85479,-0.46182,-0.20455,1.94332,-0.60414,-0.2023,2.53971,-0.63297,-0.1962,2.96516,-0.6609,0.00649,0.86573,-0.47691,-0.02572,1.89583,-0.56241,-0.09678,1.73395,-0.46559,-0.12817,1.46059,-0.39056,0.21293,0.88862,-0.49227,0.12824,1.66734,-0.54597,0.04361,1.57478,-0.46846,0.00371,1.37508,-0.40274,,,
2026-09-29T17:05:08.481868,rayexper,N,155.99849031276025,177.30600504100977,175.06746085974015,23.50333293795475,35.86796542073631,0.0,0.0,0.0,-0.29896,0.28652,-0.03055,-0.46563,0.84219,-0.12807,-0.44449,1.39032,-0.21082,-0.34143,1.76523,-0.30168,-0.4942,0.86326,-0.41603,-0.44355,1.81314,-0.55549,-0.41483,2.29145,-0.61145,-0.39094,2.68175,-0.64201,-0.2496,0.8532,-0.45799,-0.22577,1.94546,-0.60459,-0.23149,2.54725,-0.63292,-0.2312,2.9686,-0.65747,-0.00886,0.86851,-0.47146,-0.05068,1.88104,-0.55701,-0.12658,1.71928,-0.45612,-0.15982,1.44688,-0.37533,0.19644,0.89107,-0.48526,0.10249,1.66735,-0.53379,0.01794,1.57463,-0.45066,-0.01864,1.37302,-0.37939,,,
2026-09-29T17:05:08.665032,rayexper,N,156.31268815987724,176.96788591915643,174.64564104577107,21.09219992609103,35.47633720557118,0.0,0.0,0.0,-0.30278,0.26449,-0.02267,-0.46426,0.7974,-0.10274,-0.44678,1.33924,-0.17104,-0.35078,1.71006,-0.24523,-0.48151,0.84333,-0.36156,-0.43628,1.76926,-0.48423,-0.40962,2.22924,-0.52887,-0.3879,2.61296,-0.55141,-0.24779,0.88194,-0.40098,-0.22749,1.92547,-0.53063,-0.2422,2.48598,-0.55212,-0.24878,2.88787,-0.56898,-0.02177,0.91963,-0.41551,-0.06274,1.83601,-0.49444,-0.13689,1.65193,-0.4069,-0.1671,1.3905,-0.33338,0.16524,0.94487,-0.42983,0.08171,1.63556,-0.47196,0.00045,1.53799,-0.39815,-0.03541,1.35612,-0.33364,,,
2026-09-29T17:05:08.844401,rayexper,N,156.84089042361367,177.02439896244837,175.26556837768746,22.643938391640173,36.70751767049961,0.0,0.0,0.0,-0.30197,0.28012,-0.02979,-0.4616,0.84023,-0.12161,-0.44013,1.38614,-0.19915,-0.33889,1.76556,-0.28452,-0.48474,0.85451,-0.40153,-0.43198,1.81305,-0.52923,-0.39456,2.28518,-0.57688,-0.36563,2.67516,-0.60296,-0.23871,0.86549,-0.44039,-0.21969,1.93941,-0.57481,-0.23022,2.52581,-0.59983,-0.23521,2.9438,-0.62383,-0.00196,0.89417,-0.45132,-0.04826,1.88274,-0.53039,-0.1251,1.71606,-0.43806,-0.15816,1.44791,-0.36565,0.19496,0.92267,-0.46233,0.10401,1.668,-0.50977,0.01615,1.57809,-0.43484,-0.02544,1.38613,-0.3713,,,
2026-09-29T17:05:09.007109,rayexper,N,156.85509923159884,177.25958998752708,175.1817946175482,23.824003524618057,35.67218116978201,0.0,0.0,0.0,-0.30761,0.27906,-0.04249,-0.4661,0.85091,-0.1416,-0.43687,1.40871,-0.2238,-0.33484,1.78569,-0.31303,-0.49202,0.85258,-0.42049,-0.43371,1.80919,-0.5585,-0.3975,2.29304,-0.61364,-0.36777,2.68599,-0.64432,-0.2446,0.85648,-0.45455,-0.21379,1.93962,-0.59812,-0.22111,2.54311,-0.62845,-0.22344,2.96358,-0.6561,-0.00422,0.88343,-0.46132,-0.0437,1.88428,-0.5433,-0.12634,1.72587,-0.44836,-0.16452,1.45618,-0.37396,0.19611,0.91533,-0.46966,0.10642,1.67114,-0.51836,0.01684,1.57611,-0.44249,-0.02479,1.37574,-0.37798,,,
2026-09-29T17:05:09.264609,rayexper,N,156.2112498626556,176.9512132465158,174.83652690977172,26.473397063794728,39.80399291679533,0.0,0.0,0.0,-0.3074,0.27931,-0.05686,-0.46913,0.85565,-0.17129,-0.4358,1.42054,-0.26201,-0.32532,1.81088,-0.36111,-0.48943,0.83984,-0.4808,-0.42274,1.8171,-0.62835,-0.38071,2.31047,-0.686,-0.34557,2.70765,-0.71758,-0.232,0.82999,-0.50723,-0.19684,1.93761,-0.66056,-0.20118,2.55627,-0.68899,-0.19567,2.98517,-0.71579,0.0147,0.85723,-0.50342,-0.02025,1.89837,-0.58855,-0.11137,1.76423,-0.48964,-0.15325,1.49787,-0.4143,0.22067,0.9038,-0.50118,0.13009,1.68689,-0.55221,0.03125,1.60864,-0.47521,-0.01895,1.41442,-0.41086,,,
2026-09-29T17:05:16.396466,rayexper,N,158.3542530681936,174.48053822752087,171.09409239414506,67.19656786170766,90.54809894385028,0.0,0.0,0.0,-0.25211,0.35052,-0.06441,-0.31381,0.89203,-0.15053,-0.20938,1.38709,-0.20691,-0.0854,1.72653,-0.26187,-0.29326,0.92791,-0.42077,-0.21099,1.73629,-0.55428,-0.16062,2.16339,-0.59623,-0.11509,2.51343,-0.6083,-0.06487,0.90791,-0.41411,0.00396,1.84077,-0.56356,0.01298,2.37589,-0.57741,0.02602,2.77531,-0.57403,0.1286,0.90012,-0.38161,0.13566,1.74004,-0.45948,0.02771,1.77099,-0.38215,-0.03853,1.66049,-0.30786,0.26886,0.88441,-0.35061,0.20875,1.53046,-0.36268,0.11476,1.58871,-0.28753,0.05334,1.52067,-0.22096,,,
2026-09-29T17:05:16.645188,rayexper,N,158.87958807758207,174.60883029871968,171.3349679782174,53.74690378770097,67.73695717605628,0.0,0.0,0.0,-0.24834,0.36872,-0.07733,-0.30213,0.92699,-0.172,-0.19944,1.41796,-0.23356,-0.069,1.74952,-0.29413,-0.28182,0.92882,-0.45028,-0.19339,1.73906,-0.59098,-0.14215,2.16913,-0.63767,-0.09606,2.52826,-0.65302,-0.05051,0.89673,-0.43968,0.02779,1.84388,-0.59497,0.04018,2.39255,-0.61277,0.05827,2.79854,-0.61345,0.14726,0.87839,-0.40216,0.15679,1.72336,-0.48522,0.04854,1.72053,-0.40327,-0.01178,1.57843,-0.32604,0.29057,0.85795,-0.3671,0.22982,1.49141,-0.38328,0.13957,1.50299,-0.30391,0.08923,1.39574,-0.23466,,,
2026-09-29T17:05:16.798406,rayexper,N,159.5945603631162,174.17840208028423,170.8401538530716,69.0144955582064,84.79999808737195,0.0,0.0,0.0,-0.25266,0.37697,-0.07698,-0.30332,0.94567,-0.16984,-0.19499,1.4471,-0.22783,-0.06874,1.79433,-0.28426,-0.28156,0.92913,-0.45441,-0.19661,1.74162,-0.59302,-0.14539,2.17372,-0.63584,-0.09847,2.53122,-0.64746,-0.04737,0.89697,-0.43955,0.02511,1.84798,-0.59233,0.03403,2.39401,-0.60397,0.04899,2.80011,-0.59923,0.1488,0.88667,-0.39736,0.15504,1.74036,-0.47567,0.04118,1.77533,-0.39492,-0.0274,1.66547,-0.31894,0.29008,0.87642,-0.35731,0.22772,1.51876,-0.36706,0.13208,1.56476,-0.28837,0.07146,1.48607,-0.22032,,,
2026-09-29T17:05:16.995970,rayexper,N,159.32763042692912,174.0931849385711,170.78672071201606,68.43292931263792,83.42074842702625,0.0,0.0,0.0,-0.25552,0.3741,-0.07797,-0.30782,0.94752,-0.1732,-0.19751,1.45287,-0.23221,-0.06909,1.8027,-0.28931,-0.28533,0.91987,-0.4689,-0.20127,1.74961,-0.61134,-0.14832,2.19153,-0.655,-0.10065,2.55491,-0.66718,-0.04752,0.89027,-0.45296,0.02707,1.85641,-0.60927,0.03732,2.41323,-0.62042,0.05377,2.82554,-0.61593,0.1527,0.88587,-0.4089,0.15911,1.75535,-0.48784,0.04471,1.79245,-0.40493,-0.02367,1.67703,-0.32795,0.29834,0.88206,-0.36696,0.23509,1.5365,-0.37847,0.13837,1.58231,-0.30054,0.07766,1.49879,-0.233,,,
2026-09-29T17:05:17.175188,rayexper,N,157.97691515536195,174.52306903942235,170.75222070802363,68.82016397626099,90.66626069114926,0.0,0.0,0.0,-0.25012,0.36072,-0.06926,-0.30845,0.90093,-0.16527,-0.1964,1.38909,-0.2261,-0.07017,1.72977,-0.28575,-0.2795,0.91067,-0.47453,-0.19764,1.71964,-0.6252,-0.14605,2.15954,-0.67805,-0.09816,2.51863,-0.69818,-0.04983,0.88631,-0.4604,0.02377,1.83299,-0.62613,0.03325,2.37856,-0.64339,0.05064,2.77784,-0.64408,0.14651,0.87938,-0.41609,0.16274,1.73738,-0.48971,0.05595,1.77823,-0.39688,-0.00971,1.66267,-0.31562,0.28974,0.86735,-0.37399,0.24468,1.51818,-0.38059,0.15227,1.58053,-0.29878,0.09102,1.51159,-0.22907,,,
2026-09-29T17:05:18.198257,rayexper,N,157.88553972400456,175.7024174730546,173.371019822403,41.82200920191496,74.31424310327817,0.0,0.0,0.0,-0.26386,0.27998,-0.01675,-0.37384,0.74758,-0.07942,-0.32843,1.21216,-0.13057,-0.24742,1.53968,-0.18311,-0.39807,0.88117,-0.29375,-0.36651,1.66362,-0.40398,-0.33645,2.06957,-0.44491,-0.30813,2.4048,-0.46001,-0.19201,0.92835,-0.31826,-0.19229,1.81159,-0.43628,-0.21063,2.3098,-0.45317,-0.21972,2.68345,-0.45493,-0.00918,0.95407,-0.32109,-0.04803,1.71367,-0.38088,-0.13187,1.65952,-0.30832,-0.17746,1.50887,-0.24169,0.13339,0.94399,-0.32442,0.04575,1.48441,-0.33282,-0.04071,1.48692,-0.25938,-0.09317,1.40627,-0.19477,,,
2026-09-29T17:05:18.430128,rayexper,N,157.92170981165629,175.7284878408755,173.60656118356846,46.310562574696874,72.99920907539898,0.0,0.0,0.0,-0.25472,0.29765,-0.02019,-0.35419,0.77982,-0.08637,-0.29682,1.2468,-0.14035,-0.20486,1.57567,-0.19703,-0.38418,0.90013,-0.29703,-0.34681,1.68174,-0.40777,-0.31349,2.08696,-0.44942,-0.28326,2.42143,-0.4645,-0.17828,0.93004,-0.32132,-0.17096,1.82508,-0.43458,-0.18571,2.31724,-0.45016,-0.19498,2.68785,-0.45202,0.00514,0.93948,-0.32414,-0.0205,1.71499,-0.38581,-0.1045,1.68174,-0.31926,-0.15608,1.54636,-0.25772,0.15067,0.91772,-0.32682,0.07175,1.45473,-0.33844,-0.01354,1.45666,-0.26704,-0.06796,1.37524,-0.20445,,,
2026-09-29T17:05:19.030012,rayexper,N,158.4505586072495,175.30297094057286,172.82096843547447,40.65455684615802,64.00745837030762,0.0,0.0,0.0,-0.27174,0.30677,-0.03199,-0.37756,0.80903,-0.10805,-0.32747,1.29848,-0.16734,-0.23123,1.6495,-0.22911,-0.39762,0.8926,-0.34211,-0.34831,1.72543,-0.46167,-0.306,2.15056,-0.50282,-0.27119,2.51021,-0.51695,-0.1756,0.91525,-0.3626,-0.1486,1.86481,-0.49261,-0.15748,2.3907,-0.50897,-0.16339,2.78814,-0.50999,0.02228,0.93023,-0.35972,0.00214,1.76739,-0.43768,-0.09037,1.71087,-0.36571,-0.1441,1.55037,-0.2964,0.17902,0.92347,-0.35647,0.09776,1.51722,-0.38131,0.00883,1.50251,-0.30773,-0.04687,1.4001,-0.24097,,,
2026-09-29T17:05:19.194796,rayexper,N,158.48589079471557,175.51544413537346,173.21856834139055,37.19824150253866,58.676487298423794,0.0,0.0,0.0,-0.2697,0.30725,-0.03556,-0.37232,0.81393,-0.11158,-0.31824,1.30377,-0.1697,-0.22039,1.65137,-0.23033,-0.3867,0.89107,-0.34412,-0.3363,1.71309,-0.46406,-0.29486,2.13608,-0.50758,-0.2587,2.49601,-0.52383,-0.16604,0.91747,-0.3615,-0.13944,1.84944,-0.488,-0.14633,2.36996,-0.50559,-0.14921,2.76817,-0.50925,0.02984,0.93376,-0.35568,0.01363,1.74131,-0.43075,-0.07722,1.67164,-0.36126,-0.12931,1.5049,-0.29552,0.18488,0.92859,-0.34992,0.10769,1.49555,-0.37448,0.02303,1.46647,-0.30407,-0.02997,1.35885,-0.24068,,,
2026-09-29T17:05:19.349873,rayexper,N,157.5909126873528,175.95382334743573,173.59652291360857,32.153443421059166,51.02613087791496,0.0,0.0,0.0,-0.26279,0.30204,-0.04095,-0.34908,0.81127,-0.12025,-0.26855,1.29772,-0.18005,-0.15722,1.64024,-0.24167,-0.38468,0.88627,-0.35263,-0.32872,1.70123,-0.47586,-0.28603,2.12117,-0.52359,-0.24974,2.483,-0.54417,-0.16415,0.91598,-0.36611,-0.13299,1.84536,-0.49402,-0.13742,2.36487,-0.5152,-0.13805,2.76593,-0.52339,0.03267,0.93357,-0.35584,0.02033,1.74213,-0.42845,-0.06726,1.64288,-0.35368,-0.11704,1.45961,-0.28608,0.18795,0.92743,-0.34644,0.11192,1.48431,-0.36967,0.03258,1.43089,-0.29667,-0.01521,1.31034,-0.23233,,,
2026-09-29T17:05:19.524410,rayexper,N,158.75759129934576,175.7032977991122,173.36375005546486,30.049981330301005,49.30876894969575,0.0,0.0,0.0,-0.27377,0.30755,-0.0498,-0.36784,0.84075,-0.13392,-0.298,1.34947,-0.19628,-0.19205,1.70756,-0.26075,-0.38929,0.88322,-0.37814,-0.32704,1.72578,-0.50578,-0.28138,2.15789,-0.55272,-0.24218,2.531,-0.57206,-0.16073,0.90677,-0.38978,-0.12619,1.86983,-0.52318,-0.12973,2.40972,-0.54257,-0.128,2.82073,-0.54982,0.04288,0.92696,-0.37741,0.02999,1.76941,-0.45666,-0.05915,1.66286,-0.37977,-0.1058,1.46249,-0.30933,0.20318,0.93286,-0.3663,0.1269,1.53256,-0.39691,0.04208,1.4791,-0.32519,-0.0071,1.34748,-0.26092,,,
2026-09-29T17:05:19.698589,rayexper,N,158.4198004211949,175.79720626356462,173.2330937506469,32.51167754424738,54.16857866607379,0.0,0.0,0.0,-0.27621,0.30298,-0.05469,-0.36959,0.82723,-0.1444,-0.2957,1.33371,-0.20983,-0.19051,1.68972,-0.27621,-0.3836,0.8721,-0.40257,-0.32502,1.70031,-0.53912,-0.28132,2.13314,-0.59315,-0.24203,2.5076,-0.61792,-0.15509,0.89944,-0.4086,-0.12565,1.84848,-0.55101,-0.1314,2.38617,-0.57436,-0.12942,2.79738,-0.5852,0.04561,0.92583,-0.38877,0.02451,1.75498,-0.46413,-0.06332,1.65592,-0.37973,-0.10858,1.46319,-0.30634,0.19849,0.93886,-0.37129,0.11681,1.51932,-0.39384,0.03345,1.47526,-0.31825,-0.01477,1.35734,-0.25302,,,
2026-09-29T17:05:31.603304,rayexper,N,158.0275022213448,176.83014741483117,174.91667776024477,25.626297836816548,37.12999949751106,0.0,0.0,0.0,-0.29683,0.30721,-0.05827,-0.42929,0.89077,-0.16561,-0.37404,1.46669,-0.25069,-0.2668,1.85817,-0.33932,-0.46347,0.85796,-0.44984,-0.40749,1.80197,-0.6072,-0.36885,2.29585,-0.67415,-0.33413,2.69681,-0.71025,-0.2137,0.85433,-0.47376,-0.17862,1.93911,-0.63768,-0.17688,2.56166,-0.67559,-0.16612,2.997,-0.705,0.02882,0.88936,-0.47093,-0.00824,1.89548,-0.56022,-0.09362,1.73729,-0.45545,-0.13192,1.47634,-0.37089,0.2266,0.93971,-0.47132,0.1334,1.70436,-0.51691,0.04514,1.60795,-0.43333,0.00846,1.41696,-0.3615,,,
2026-09-29T17:05:31.773647,rayexper,N,158.15989431291078,176.59199644730438,174.47951317756952,24.63213393085568,35.303638910504084,0.0,0.0,0.0,-0.29011,0.30015,-0.07523,-0.41842,0.88367,-0.18998,-0.36275,1.46178,-0.27951,-0.25015,1.85531,-0.37229,-0.45044,0.85108,-0.46653,-0.3895,1.79122,-0.62632,-0.34805,2.2816,-0.69201,-0.31338,2.68057,-0.72686,-0.20175,0.85134,-0.48426,-0.16016,1.92696,-0.65303,-0.15532,2.54688,-0.6902,-0.14252,2.97948,-0.71802,0.03885,0.88623,-0.47675,0.00885,1.88883,-0.57535,-0.07782,1.73378,-0.47539,-0.11659,1.46979,-0.39232,0.2349,0.93678,-0.47351,0.14574,1.69566,-0.52931,0.05535,1.5993,-0.45232,0.0175,1.40007,-0.38403,,,
2026-09-29T17:05:31.949005,rayexper,N,159.0966222414142,176.38914838558472,174.38626176683448,22.091564494849116,32.3089683790319,0.0,0.0,0.0,-0.28758,0.30712,-0.06697,-0.4081,0.89079,-0.17079,-0.35561,1.45992,-0.2535,-0.24734,1.84576,-0.33952,-0.44292,0.86071,-0.42663,-0.37939,1.80259,-0.57316,-0.33652,2.28883,-0.62888,-0.30314,2.68877,-0.65674,-0.19498,0.87143,-0.45011,-0.15046,1.93881,-0.60569,-0.14695,2.54877,-0.63672,-0.13782,2.97488,-0.65871,0.04403,0.90598,-0.45076,0.01825,1.88067,-0.55271,-0.0699,1.71,-0.46346,-0.10786,1.43921,-0.38438,0.23946,0.94948,-0.45454,0.1561,1.69327,-0.51661,0.06664,1.58383,-0.44554,0.03015,1.37873,-0.37975,,,
2026-09-29T17:05:32.130493,rayexper,N,158.78681912831536,176.16273998127235,174.4435658490976,23.445619935311566,34.9811613481551,0.0,0.0,0.0,-0.29294,0.3104,-0.07207,-0.41423,0.89945,-0.17999,-0.35994,1.46815,-0.26595,-0.24784,1.85044,-0.35529,-0.44787,0.86101,-0.43957,-0.38433,1.80192,-0.59345,-0.33734,2.29773,-0.65413,-0.29931,2.70409,-0.68451,-0.19709,0.86461,-0.46218,-0.15222,1.93978,-0.62505,-0.14446,2.56368,-0.66002,-0.13011,2.9996,-0.68392,0.0425,0.89704,-0.4618,0.01841,1.89057,-0.56858,-0.07388,1.73933,-0.4812,-0.11374,1.47185,-0.40215,0.2377,0.94374,-0.46491,0.15652,1.70781,-0.52851,0.06161,1.61725,-0.45804,0.0209,1.41536,-0.39212,,,
2026-09-29T17:05:32.265418,rayexper,N,158.91930501122766,175.66272415285727,173.97352682929528,22.991024849605672,33.87958829128983,0.0,0.0,0.0,-0.28686,0.30576,-0.07514,-0.41082,0.89571,-0.18186,-0.35822,1.46844,-0.26604,-0.249,1.85847,-0.35242,-0.44269,0.86521,-0.43443,-0.37839,1.81605,-0.58207,-0.32805,2.30536,-0.63447,-0.28857,2.70534,-0.6587,-0.19271,0.86934,-0.4551,-0.14551,1.94243,-0.61797,-0.13548,2.5552,-0.64911,-0.12182,2.98733,-0.66762,0.04584,0.89812,-0.45337,0.02614,1.88612,-0.56316,-0.06153,1.73182,-0.47445,-0.09915,1.46927,-0.39168,0.23945,0.93888,-0.45503,0.15977,1.70016,-0.51822,0.06996,1.60815,-0.44551,0.03452,1.40576,-0.37663,,,
2026-09-29T17:05:32.412173,rayexper,N,158.96587000014216,176.16071437487182,174.2395023581935,23.370100618227386,34.49829582439584,0.0,0.0,0.0,-0.28203,0.31956,-0.06344,-0.38811,0.91207,-0.16557,-0.3195,1.47415,-0.24771,-0.20135,1.85576,-0.3332,-0.43421,0.88116,-0.41909,-0.36173,1.81959,-0.56255,-0.31184,2.30324,-0.61557,-0.27223,2.70327,-0.64143,-0.18823,0.87599,-0.44409,-0.136,1.93706,-0.60008,-0.1252,2.54324,-0.63035,-0.11062,2.97436,-0.65025,0.04945,0.89638,-0.44606,0.03502,1.87857,-0.54936,-0.05627,1.72554,-0.46096,-0.09638,1.4629,-0.38079,0.24524,0.92962,-0.45055,0.17055,1.68723,-0.51101,0.07774,1.59742,-0.43839,0.03967,1.39543,-0.37081,,,
2026-09-29T17:05:32.603823,rayexper,N,157.99580298847332,176.02060084967914,173.9520421629813,26.16365949555374,36.734826349673654,0.0,0.0,0.0,-0.29966,0.33426,-0.06031,-0.41037,0.94267,-0.16599,-0.3356,1.50872,-0.25088,-0.2091,1.88741,-0.34057,-0.43495,0.87576,-0.43967,-0.36336,1.84101,-0.5851,-0.31372,2.33476,-0.63659,-0.27606,2.7426,-0.66081,-0.1793,0.86583,-0.4671,-0.12973,1.96323,-0.62373,-0.12376,2.58491,-0.64932,-0.11378,3.01942,-0.66642,0.06658,0.88707,-0.46934,0.04195,1.8997,-0.56855,-0.05743,1.75544,-0.47328,-0.1,1.49337,-0.38995,0.26697,0.92402,-0.4736,0.1783,1.70853,-0.52831,0.07935,1.61916,-0.44793,0.04201,1.41382,-0.37608,,,
2026-09-29T17:15:30.215550,rayexper,N,156.54278631257904,177.28520668401896,174.5213966047255,31.49784118125817,35.486550310984065,0.0,0.0,0.0,-0.26525,0.30577,-0.09671,-0.37371,0.88541,-0.23424,-0.28219,1.43582,-0.33741,-0.15631,1.79337,-0.44287,-0.4091,0.85096,-0.5446,-0.33569,1.74239,-0.7128,-0.292,2.21433,-0.78837,-0.24926,2.59821,-0.83589,-0.17115,0.82381,-0.5404,-0.10154,1.83884,-0.73019,-0.0824,2.44698,-0.78231,-0.05246,2.87859,-0.82534,0.06801,0.82435,-0.50206,0.04538,1.76237,-0.58642,-0.04928,1.62102,-0.45807,-0.09286,1.38879,-0.36535,0.25786,0.847,-0.47025,0.16028,1.54225,-0.50321,0.0793,1.42798,-0.40275,0.056,1.22285,-0.32455,,,
2026-09-29T17:15:30.415803,rayexper,N,157.01832185848,177.75177532719917,174.71096581835656,30.699087432268204,34.08627831703527,0.0,0.0,0.0,-0.28166,0.30787,-0.09372,-0.39946,0.89707,-0.22018,-0.31894,1.45612,-0.31153,-0.2014,1.81812,-0.40427,-0.42273,0.85317,-0.52573,-0.34506,1.73309,-0.69154,-0.30046,2.20767,-0.76991,-0.26069,2.60053,-0.82086,-0.18582,0.83326,-0.52073,-0.1108,1.84677,-0.69881,-0.09624,2.44445,-0.74841,-0.07771,2.86965,-0.79205,0.05325,0.84329,-0.48378,0.03647,1.78388,-0.56381,-0.0586,1.65053,-0.44267,-0.10599,1.40934,-0.35575,0.24286,0.87491,-0.45333,0.1514,1.57064,-0.49156,0.06853,1.45856,-0.40212,0.03932,1.25164,-0.33113,,,
2026-09-29T17:15:30.597836,rayexper,N,156.56757985379224,177.61485356350008,175.30877680383787,28.906137922377766,33.608635807688145,0.0,0.0,0.0,-0.28115,0.32054,-0.09034,-0.39906,0.91901,-0.21476,-0.31907,1.48473,-0.30825,-0.19014,1.84127,-0.40308,-0.42813,0.87113,-0.49826,-0.34866,1.77309,-0.65569,-0.29918,2.25638,-0.7277,-0.25725,2.65231,-0.77443,-0.18834,0.84453,-0.5013,-0.10743,1.88203,-0.67625,-0.08446,2.50362,-0.72888,-0.06149,2.94018,-0.77412,0.05635,0.84557,-0.47376,0.03942,1.82,-0.56125,-0.05404,1.68312,-0.44666,-0.10004,1.435,-0.36149,0.25281,0.87122,-0.45234,0.15686,1.58735,-0.49963,0.07015,1.4734,-0.41406,0.03993,1.26448,-0.34399,,,
2026-09-29T17:15:30.747856,rayexper,N,156.95941684191618,176.4455041085758,174.52672773998796,29.507197582286263,35.20754801407526,0.0,0.0,0.0,-0.28486,0.30642,-0.09314,-0.41605,0.90238,-0.21769,-0.3506,1.47517,-0.31016,-0.22999,1.85321,-0.40423,-0.44298,0.86835,-0.49876,-0.36685,1.79019,-0.65185,-0.31135,2.27746,-0.71451,-0.26415,2.66788,-0.7512,-0.19809,0.8429,-0.50027,-0.12228,1.89334,-0.67629,-0.09947,2.51233,-0.72049,-0.07539,2.94589,-0.75447,0.04676,0.84817,-0.47189,0.02497,1.81289,-0.56607,-0.06808,1.67884,-0.45322,-0.11059,1.441,-0.36453,0.2449,0.87569,-0.4487,0.14453,1.5911,-0.49329,0.06146,1.48303,-0.4012,0.0363,1.28194,-0.32485,,,
2026-09-29T17:15:30.915782,rayexper,N,156.20791334691583,176.78995081961898,174.93265207500045,30.91613303894881,35.758470646359974,0.0,0.0,0.0,-0.28431,0.31556,-0.09555,-0.41254,0.92343,-0.22247,-0.33619,1.50168,-0.31657,-0.20403,1.87591,-0.41173,-0.43717,0.86769,-0.50862,-0.35956,1.80007,-0.66434,-0.30513,2.29535,-0.7301,-0.25784,2.69045,-0.77044,-0.19222,0.83948,-0.50826,-0.11346,1.89415,-0.68685,-0.08853,2.52317,-0.73601,-0.0618,2.96283,-0.77559,0.05359,0.84272,-0.47697,0.03408,1.82821,-0.57032,-0.06798,1.70248,-0.45791,-0.11789,1.46076,-0.37121,0.25207,0.87521,-0.45115,0.14983,1.60734,-0.5002,0.05623,1.50211,-0.41319,0.02345,1.29253,-0.3406,,,
2026-09-29T17:15:31.079488,rayexper,N,156.90832945103762,176.8043335900112,175.35838492670678,28.51701838829617,34.851532077314936,0.0,0.0,0.0,-0.28087,0.3183,-0.07782,-0.40798,0.91243,-0.19688,-0.33775,1.48384,-0.28876,-0.21733,1.85314,-0.38308,-0.44521,0.88392,-0.47409,-0.37415,1.78911,-0.62477,-0.32012,2.27556,-0.69089,-0.27393,2.66481,-0.73215,-0.20769,0.85029,-0.4836,-0.13286,1.89073,-0.6555,-0.10553,2.51356,-0.70532,-0.07853,2.95249,-0.74604,0.0376,0.84238,-0.46241,0.01894,1.81574,-0.55312,-0.07198,1.67735,-0.44169,-0.11508,1.43478,-0.35562,0.23893,0.85515,-0.44534,0.13749,1.57986,-0.49274,0.05323,1.47136,-0.40457,0.02475,1.26894,-0.33097,,,
2026-09-29T17:15:31.284861,rayexper,N,157.77970597599057,176.29932128072159,174.7431066384612,30.009040325097146,37.26695307208215,0.0,0.0,0.0,-0.28793,0.32921,-0.08798,-0.41269,0.94128,-0.21223,-0.34097,1.52763,-0.30567,-0.22223,1.91013,-0.40142,-0.45507,0.87647,-0.49749,-0.38045,1.79866,-0.65489,-0.32036,2.30061,-0.72171,-0.27216,2.70326,-0.76132,-0.20987,0.83817,-0.50341,-0.13113,1.89907,-0.68236,-0.10239,2.53391,-0.72999,-0.07791,2.97744,-0.76702,0.03942,0.8381,-0.47912,0.02238,1.83991,-0.57778,-0.06898,1.72216,-0.4683,-0.11164,1.48466,-0.38041,0.2427,0.8699,-0.45903,0.14217,1.6205,-0.50919,0.05494,1.52928,-0.42083,0.0247,1.33357,-0.34547,,,
2026-09-29T17:15:31.448026,rayexper,N,157.60190085723048,176.55781851456584,174.92820188779433,29.224633124517794,35.503555288944085,0.0,0.0,0.0,-0.28846,0.32582,-0.08292,-0.41295,0.92654,-0.20593,-0.3412,1.50363,-0.29871,-0.22511,1.88216,-0.39366,-0.44891,0.8752,-0.49745,-0.37208,1.78665,-0.65177,-0.3144,2.27726,-0.71765,-0.26628,2.67351,-0.75748,-0.20364,0.83987,-0.50313,-0.12638,1.89422,-0.68085,-0.10173,2.52415,-0.72998,-0.07581,2.96757,-0.76904,0.04462,0.84241,-0.47682,0.02459,1.82558,-0.57144,-0.06593,1.69612,-0.46075,-0.10728,1.45838,-0.3738,0.24506,0.87476,-0.45424,0.14606,1.60842,-0.49981,0.06407,1.50655,-0.40917,0.0373,1.307,-0.33367,,,
2026-09-29T17:15:31.620120,rayexper,N,158.36185205515633,176.89251719930257,175.07189990782493,30.912930532899125,38.70629053064448,0.0,0.0,0.0,-0.28115,0.31837,-0.08629,-0.40913,0.91011,-0.21327,-0.34405,1.48586,-0.30942,-0.2414,1.87307,-0.40817,-0.44489,0.8683,-0.50397,-0.37688,1.76181,-0.66286,-0.32797,2.2459,-0.734,-0.28339,2.63917,-0.7784,-0.20844,0.83689,-0.50614,-0.13615,1.87435,-0.68047,-0.11447,2.48745,-0.72803,-0.09052,2.92176,-0.76878,0.03482,0.83741,-0.47699,0.01449,1.79078,-0.56481,-0.07815,1.66902,-0.4531,-0.12235,1.44105,-0.36945,0.23447,0.86662,-0.4524,0.1305,1.56948,-0.49534,0.04615,1.47831,-0.40821,0.01638,1.29852,-0.3375,,,
2026-09-29T17:15:31.810571,rayexper,N,155.4329664782559,176.83572376778488,175.06463606619013,27.35953860907555,40.193623574284544,0.0,0.0,0.0,-0.28494,0.3272,-0.07248,-0.40838,0.94261,-0.19885,-0.31766,1.5348,-0.30081,-0.17352,1.90284,-0.40823,-0.47447,0.88408,-0.47343,-0.40928,1.78051,-0.63117,-0.35856,2.27846,-0.70246,-0.31623,2.67833,-0.74697,-0.23333,0.83747,-0.49416,-0.16496,1.87835,-0.66994,-0.14355,2.51212,-0.72135,-0.12295,2.97385,-0.76353,0.01743,0.83043,-0.48516,-0.0009,1.82582,-0.5909,-0.08069,1.70763,-0.49077,-0.11523,1.47716,-0.40885,0.22872,0.85479,-0.47841,0.12989,1.59657,-0.53762,0.04246,1.5249,-0.45739,0.00965,1.35256,-0.3882,,,
2026-09-29T17:15:32.020332,rayexper,N,155.18387625684088,176.5447100359446,175.5031350945429,28.9027214712494,43.1729899843112,0.0,0.0,0.0,-0.2768,0.32225,-0.07376,-0.39521,0.92465,-0.20119,-0.29742,1.5141,-0.30276,-0.15443,1.87317,-0.40904,-0.46874,0.88231,-0.48086,-0.40844,1.76384,-0.64224,-0.3548,2.25276,-0.71843,-0.30801,2.64864,-0.76733,-0.23172,0.83626,-0.49696,-0.1639,1.87004,-0.67383,-0.13927,2.49489,-0.72837,-0.1167,2.94678,-0.77502,0.01968,0.82738,-0.4821,0.00078,1.80833,-0.57574,-0.07552,1.68434,-0.46269,-0.11042,1.45577,-0.37633,0.23139,0.84784,-0.47098,0.13649,1.57381,-0.51527,0.05925,1.51058,-0.42498,0.03263,1.35487,-0.35193,,,
2026-09-29T17:15:32.252159,rayexper,N,155.8975550199439,176.31722688883087,175.2063573107708,35.07922017300705,53.628192641120556,0.0,0.0,0.0,-0.27503,0.31787,-0.07143,-0.38853,0.92045,-0.21227,-0.27936,1.52272,-0.32497,-0.14003,1.91237,-0.44428,-0.4872,0.85292,-0.52133,-0.44712,1.72508,-0.69634,-0.4067,2.22366,-0.78127,-0.3653,2.62728,-0.83401,-0.25118,0.80473,-0.53788,-0.21971,1.84185,-0.72347,-0.20786,2.48132,-0.77949,-0.18864,2.95006,-0.82728,-0.00145,0.80897,-0.5197,-0.03864,1.78288,-0.60761,-0.10576,1.69798,-0.48952,-0.1364,1.49871,-0.4031,0.21133,0.85304,-0.5042,0.11538,1.57278,-0.53308,0.04447,1.54071,-0.43288,0.01444,1.41044,-0.35608,,,
2026-09-29T17:15:32.436957,rayexper,N,155.61845499173296,176.74340065789212,175.2259939425434,31.359506381812437,47.30991471848901,0.0,0.0,0.0,-0.27928,0.32885,-0.06867,-0.40237,0.94048,-0.20558,-0.30318,1.54184,-0.31689,-0.16422,1.92426,-0.43484,-0.49411,0.87551,-0.502,-0.44344,1.75751,-0.67113,-0.40079,2.26007,-0.752,-0.36025,2.6662,-0.80269,-0.25224,0.8129,-0.52495,-0.20876,1.85413,-0.70983,-0.19156,2.49914,-0.76607,-0.16979,2.96859,-0.81332,0.00378,0.80539,-0.5147,-0.0266,1.80436,-0.61173,-0.09491,1.70479,-0.49789,-0.12518,1.48928,-0.41116,0.22287,0.83958,-0.50675,0.12786,1.58756,-0.5468,0.05328,1.54016,-0.45016,0.02354,1.39008,-0.37345,,,
2026-09-29T17:15:33.219089,rayexper,N,157.30308427378174,177.0802295976524,175.5240612400848,26.62375524823573,33.98267368266796,0.0,0.0,0.0,-0.272,0.33022,-0.08969,-0.37634,0.9282,-0.21285,-0.2925,1.50218,-0.30806,-0.15829,1.85262,-0.40778,-0.41656,0.88577,-0.50345,-0.35203,1.7255,-0.67682,-0.30459,2.19644,-0.75951,-0.26909,2.58923,-0.81294,-0.1658,0.83616,-0.52282,-0.11836,1.83788,-0.70382,-0.1024,2.43945,-0.76028,-0.08238,2.86716,-0.80862,0.08567,0.80527,-0.51477,0.08026,1.78306,-0.62959,-0.02395,1.65499,-0.53973,-0.08028,1.39831,-0.46622,0.28242,0.79813,-0.51054,0.19693,1.53005,-0.59092,0.09227,1.43448,-0.52813,0.05065,1.22314,-0.46965,,,
2026-09-29T17:15:33.550934,rayexper,N,155.9843100177545,176.91683334330972,175.52250191355012,22.95659086203312,35.29755695578182,0.0,0.0,0.0,-0.26193,0.32217,-0.04042,-0.38134,0.86078,-0.12407,-0.31758,1.37161,-0.1949,-0.20813,1.68948,-0.26909,-0.41804,0.90531,-0.3339,-0.38153,1.70421,-0.46393,-0.34736,2.14329,-0.52561,-0.3171,2.51202,-0.56093,-0.20217,0.90948,-0.36328,-0.17403,1.80868,-0.50083,-0.17125,2.35999,-0.54383,-0.16303,2.7765,-0.57465,0.01058,0.90499,-0.3703,-0.00178,1.71325,-0.45102,-0.07337,1.56225,-0.36786,-0.10651,1.34507,-0.29662,0.18548,0.88827,-0.38014,0.1086,1.48262,-0.41567,0.0377,1.38176,-0.33919,0.01026,1.21658,-0.27266,,,
2026-09-29T17:15:34.056763,rayexper,N,155.9180491812349,178.04120999082585,176.3919324932602,23.00285358049581,30.248117299979917,0.0,0.0,0.0,-0.25239,0.32366,-0.05132,-0.36736,0.88607,-0.14455,-0.288,1.42297,-0.21859,-0.17096,1.74633,-0.2945,-0.41692,0.91562,-0.39107,-0.36422,1.70288,-0.54447,-0.32344,2.15649,-0.62883,-0.28881,2.52965,-0.68478,-0.19796,0.88863,-0.41371,-0.15086,1.81257,-0.57544,-0.13513,2.37437,-0.63629,-0.11967,2.78869,-0.68623,0.02876,0.87411,-0.40983,0.02597,1.748,-0.49445,-0.03863,1.57975,-0.3886,-0.07291,1.34331,-0.30681,0.21537,0.85937,-0.41027,0.13751,1.50781,-0.45395,0.07082,1.37788,-0.36852,0.0485,1.18495,-0.29624,,,
2026-09-29T17:15:34.278037,rayexper,N,157.91387627264965,177.96945274922666,175.5046972654686,25.742144203212188,31.560948480045067,0.0,0.0,0.0,-0.25095,0.3261,-0.07457,-0.36215,0.89423,-0.19129,-0.29207,1.43262,-0.28139,-0.18289,1.7782,-0.37389,-0.41045,0.89721,-0.4743,-0.34964,1.72001,-0.64426,-0.30965,2.17617,-0.73232,-0.27451,2.5585,-0.78981,-0.18438,0.85358,-0.48723,-0.13629,1.81404,-0.67151,-0.124,2.39108,-0.7344,-0.10893,2.81081,-0.78581,0.05101,0.83267,-0.47032,0.04292,1.75196,-0.56405,-0.0283,1.59905,-0.4475,-0.06441,1.35944,-0.35936,0.24047,0.82766,-0.45885,0.1552,1.50009,-0.50736,0.08243,1.37576,-0.41796,0.05905,1.17712,-0.3437,,,
2026-09-29T17:15:34.451346,rayexper,N,157.3466378728253,177.58442352427917,175.1766616693547,27.305473883397053,33.43734570879436,0.0,0.0,0.0,-0.25905,0.3152,-0.08015,-0.3704,0.88084,-0.19784,-0.29249,1.42393,-0.28713,-0.18236,1.76737,-0.37753,-0.40155,0.87603,-0.48688,-0.34077,1.70368,-0.65987,-0.30118,2.16527,-0.74646,-0.26581,2.54937,-0.80217,-0.16929,0.85196,-0.49548,-0.12236,1.81269,-0.68184,-0.11115,2.39314,-0.74298,-0.09401,2.8128,-0.79199,0.06562,0.84482,-0.47415,0.0538,1.75033,-0.56709,-0.02716,1.60353,-0.45179,-0.06802,1.36704,-0.3638,0.24893,0.84855,-0.45877,0.16188,1.51041,-0.50554,0.08318,1.39488,-0.41811,0.0569,1.19997,-0.34473,,,
2026-09-29T17:15:34.643482,rayexper,N,156.3709130328255,177.16120690472127,175.22746403390505,23.85462993524353,28.835493957587325,0.0,0.0,0.0,-0.259,0.30111,-0.09181,-0.372,0.87743,-0.21302,-0.28658,1.43362,-0.30445,-0.16394,1.77707,-0.39764,-0.42195,0.87096,-0.48622,-0.36824,1.70323,-0.66011,-0.32289,2.17318,-0.74779,-0.28684,2.56134,-0.80438,-0.18608,0.84994,-0.49293,-0.13631,1.81613,-0.67913,-0.12539,2.39745,-0.74183,-0.11548,2.81831,-0.79244,0.05269,0.84629,-0.47188,0.03925,1.74646,-0.57439,-0.03498,1.58838,-0.46617,-0.07152,1.34074,-0.38119,0.24307,0.85642,-0.45701,0.15433,1.53215,-0.51487,0.0802,1.40016,-0.43179,0.06013,1.1891,-0.36038,,,
2026-09-29T17:15:34.847947,rayexper,N,158.91172929305029,177.54700659785559,175.30523721088872,27.139375073927177,32.737509582987926,0.0,0.0,0.0,-0.25192,0.31931,-0.07047,-0.37172,0.88861,-0.18416,-0.30741,1.43492,-0.27189,-0.21712,1.80275,-0.36182,-0.40898,0.89392,-0.47585,-0.35116,1.71703,-0.64892,-0.30786,2.18329,-0.73833,-0.27002,2.56569,-0.79686,-0.18082,0.85262,-0.49024,-0.12909,1.81703,-0.67447,-0.11552,2.39461,-0.73469,-0.09922,2.81539,-0.78475,0.05358,0.83194,-0.47452,0.04511,1.74684,-0.56496,-0.03155,1.59315,-0.44389,-0.0718,1.35524,-0.35375,0.24356,0.81971,-0.46424,0.15621,1.50386,-0.51247,0.08089,1.38549,-0.42191,0.05599,1.18698,-0.3465,,,
2026-09-29T17:33:03.332764,invitado,N,158.55379521010036,178.34356648024453,178.79990576283322,13.231930416501404,31.29088039308025,0.0,0.0,0.0,-0.32342,0.1212,0.0646,-0.51687,0.52671,0.06557,-0.57465,0.93594,0.05192,-0.57119,1.25985,0.03081,-0.63541,0.72978,-0.07073,-0.7084,1.39228,-0.12053,-0.73903,1.75673,-0.14686,-0.7626,2.03889,-0.16085,-0.4651,0.87492,-0.13489,-0.5651,1.5942,-0.17413,-0.62392,1.98226,-0.18515,-0.66418,2.24335,-0.19898,-0.27312,0.96841,-0.18427,-0.3773,1.67699,-0.21694,-0.35361,1.58696,-0.17266,-0.31317,1.38125,-0.13426,-0.07835,1.01335,-0.2282,-0.19165,1.56597,-0.25101,-0.21319,1.53938,-0.20588,-0.21227,1.39964,-0.16173,,,
2026-09-29T17:33:03.600026,invitado,N,156.27703732426372,179.6354774697762,178.4113374072054,8.728908796969625,26.16793712259428,0.0,0.0,0.0,-0.31548,0.12101,0.05757,-0.48496,0.51479,0.05765,-0.51119,0.91427,0.0442,-0.48158,1.21717,0.02294,-0.59732,0.73325,-0.05335,-0.65905,1.33923,-0.09604,-0.69232,1.6737,-0.12503,-0.71936,1.93937,-0.14207,-0.42897,0.89668,-0.10936,-0.52988,1.53335,-0.13674,-0.59587,1.88027,-0.15075,-0.63916,2.12252,-0.16771,-0.24407,1.00174,-0.15183,-0.34563,1.60906,-0.17653,-0.33936,1.47907,-0.14385,-0.31199,1.27197,-0.11576,-0.05974,1.0437,-0.18882,-0.16019,1.51119,-0.20339,-0.18378,1.43468,-0.15969,-0.18859,1.28136,-0.11904,,,
2026-09-29T17:33:03.868266,invitado,N,155.80689854452908,178.18652731077066,179.2962044689598,12.863702195267111,33.62544304139952,0.0,0.0,0.0,-0.32034,0.11097,0.06413,-0.49336,0.50334,0.07224,-0.52162,0.91499,0.06932,-0.4896,1.22392,0.0581,-0.58625,0.73301,-0.05566,-0.64279,1.37592,-0.08834,-0.66577,1.73389,-0.10855,-0.67848,2.01169,-0.11947,-0.4088,0.90626,-0.10756,-0.49984,1.57547,-0.12446,-0.55964,1.94231,-0.13155,-0.59037,2.1914,-0.14376,-0.2197,1.01239,-0.14379,-0.31114,1.63602,-0.15304,-0.32461,1.50986,-0.11564,-0.30668,1.30707,-0.0874,-0.03729,1.04753,-0.17386,-0.13254,1.51045,-0.17581,-0.17365,1.43494,-0.12875,-0.19435,1.28774,-0.08743,,,
2026-09-29T17:33:04.449616,invitado,N,155.3437893073095,179.02139691230795,177.74447080917028,13.303554956030107,37.44538494413781,0.0,0.0,0.0,-0.31289,0.15125,0.04399,-0.47949,0.56474,0.02976,-0.49179,0.98401,0.00813,-0.44574,1.29486,-0.0217,-0.56687,0.76657,-0.11414,-0.6149,1.42373,-0.17196,-0.63618,1.79063,-0.20452,-0.6543,2.07664,-0.22182,-0.3765,0.91178,-0.16403,-0.45639,1.60751,-0.20446,-0.51771,1.99583,-0.21778,-0.55579,2.25892,-0.23371,-0.17844,0.99874,-0.19767,-0.25849,1.66008,-0.22319,-0.28002,1.55541,-0.18567,-0.26986,1.34512,-0.15567,0.00579,1.02767,-0.22658,-0.08044,1.5176,-0.2389,-0.12894,1.46899,-0.19386,-0.15602,1.32778,-0.15314,,,
2026-09-29T17:33:05.340779,invitado,N,154.13854371797117,179.30534062985913,176.59345788596744,12.791767312572135,39.14226079998309,0.0,0.0,0.0,-0.31014,0.14814,0.04044,-0.49822,0.55058,0.02208,-0.52808,0.96297,-0.00457,-0.48867,1.28044,-0.03919,-0.58451,0.76277,-0.11625,-0.64414,1.41872,-0.17709,-0.67314,1.7816,-0.21126,-0.70067,2.07129,-0.23009,-0.39631,0.90237,-0.16929,-0.49096,1.60301,-0.21654,-0.56676,1.98871,-0.23417,-0.61837,2.25675,-0.25262,-0.19818,0.988,-0.20637,-0.30383,1.65823,-0.24188,-0.32216,1.5271,-0.20198,-0.30498,1.30603,-0.16682,-0.01296,1.01922,-0.23894,-0.12509,1.52281,-0.25901,-0.17894,1.46879,-0.21241,-0.20133,1.32863,-0.16856,,,
2026-09-29T17:33:05.599448,invitado,N,155.37830721115077,179.28749687630116,177.48238859891396,12.77232488469434,39.54127663602542,0.0,0.0,0.0,-0.31154,0.13918,0.04274,-0.49815,0.54443,0.02514,-0.5331,0.96718,-0.00057,-0.50029,1.29339,-0.0342,-0.59486,0.75786,-0.11897,-0.65548,1.42076,-0.18301,-0.68489,1.78527,-0.21935,-0.71108,2.07268,-0.23881,-0.40572,0.89745,-0.17316,-0.50536,1.60458,-0.22112,-0.57832,1.99539,-0.23749,-0.62614,2.26509,-0.25522,-0.20774,0.98367,-0.21153,-0.3119,1.66267,-0.2473,-0.32736,1.53965,-0.20649,-0.31081,1.32008,-0.17098,-0.02041,1.01732,-0.24529,-0.13168,1.53435,-0.2661,-0.18152,1.48751,-0.2199,-0.20475,1.35124,-0.17639,,,
2026-09-29T17:33:05.878563,invitado,N,154.75040392480048,179.3058021914434,177.06282166700254,12.280858111436627,37.51900827525052,0.0,0.0,0.0,-0.31436,0.14334,0.04291,-0.49731,0.54445,0.02723,-0.52346,0.95755,0.0025,-0.48886,1.27862,-0.02979,-0.58995,0.75695,-0.10722,-0.65033,1.41245,-0.16641,-0.68005,1.77251,-0.19936,-0.70841,2.05725,-0.21685,-0.40401,0.90048,-0.16095,-0.50389,1.59648,-0.2071,-0.57815,1.97796,-0.22327,-0.62889,2.24215,-0.23959,-0.20852,0.98801,-0.19946,-0.31398,1.65639,-0.23662,-0.32875,1.52714,-0.19859,-0.3129,1.30621,-0.16344,-0.02353,1.02043,-0.23317,-0.14049,1.52311,-0.25436,-0.18966,1.46619,-0.20834,-0.21072,1.32209,-0.16415,,,
2026-09-29T17:33:06.157660,invitado,N,155.21880491160695,178.73873548931516,178.09085841385937,12.254525485003063,37.31509727719007,0.0,0.0,0.0,-0.31846,0.14609,0.0537,-0.50208,0.54758,0.04325,-0.53422,0.95732,0.02113,-0.50113,1.27231,-0.00968,-0.59838,0.74557,-0.09885,-0.6623,1.40932,-0.1567,-0.69003,1.77913,-0.18881,-0.71336,2.06777,-0.20613,-0.41732,0.89495,-0.15785,-0.51683,1.60397,-0.20116,-0.58589,1.99545,-0.21596,-0.62954,2.26102,-0.23235,-0.22285,0.9867,-0.20079,-0.32441,1.66238,-0.23017,-0.3321,1.54277,-0.18733,-0.31046,1.32437,-0.15157,-0.03427,1.02277,-0.23905,-0.14238,1.54818,-0.25632,-0.18612,1.50415,-0.20874,-0.20458,1.36304,-0.1644,,,
2026-09-29T17:33:06.407364,invitado,N,154.9060152598208,178.74722901894188,177.2860173359973,12.089084478215824,40.75282420520372,0.0,0.0,0.0,-0.3133,0.15264,0.04445,-0.4958,0.56242,0.02585,-0.51974,0.97704,-0.00215,-0.4831,1.29252,-0.03917,-0.58932,0.76096,-0.12074,-0.64764,1.42729,-0.18261,-0.67247,1.79508,-0.21503,-0.69546,2.08529,-0.23288,-0.40231,0.89797,-0.1783,-0.49697,1.60899,-0.22714,-0.56704,2.00113,-0.24238,-0.61432,2.27124,-0.25947,-0.20496,0.97732,-0.21983,-0.30548,1.66012,-0.25698,-0.31767,1.54581,-0.21694,-0.29979,1.32765,-0.182,-0.01693,1.00262,-0.2568,-0.12351,1.53382,-0.27979,-0.17409,1.50123,-0.23633,-0.1989,1.3652,-0.19503,,,
2026-09-29T17:33:06.630294,invitado,N,154.77215343621756,178.99399553575876,177.39646254923295,12.088910413575636,36.88249694485072,0.0,0.0,0.0,-0.31442,0.15264,0.05309,-0.50081,0.55512,0.04059,-0.52871,0.96945,0.01714,-0.49736,1.2899,-0.01502,-0.59787,0.76429,-0.10677,-0.65274,1.43314,-0.16772,-0.67799,1.79851,-0.20026,-0.70099,2.08281,-0.21655,-0.41313,0.8953,-0.16664,-0.50632,1.61591,-0.21478,-0.5728,2.00756,-0.22976,-0.61865,2.2747,-0.24487,-0.21785,0.97516,-0.21027,-0.31453,1.66526,-0.24778,-0.32397,1.55184,-0.20754,-0.30804,1.33456,-0.17084,-0.02883,1.0058,-0.24835,-0.13803,1.5415,-0.26952,-0.18182,1.49697,-0.22187,-0.20243,1.35091,-0.17625,,,
2026-09-29T17:33:06.836856,invitado,N,155.83305650249724,179.2323016167532,177.7952537684867,11.900030499349079,37.634880660774684,0.0,0.0,0.0,-0.31119,0.15383,0.05712,-0.48938,0.5636,0.04777,-0.51551,0.97523,0.02707,-0.48266,1.28973,-0.00297,-0.59001,0.76458,-0.09813,-0.64275,1.42615,-0.15384,-0.66621,1.79024,-0.18547,-0.68736,2.07431,-0.20319,-0.40805,0.89921,-0.15784,-0.49408,1.60996,-0.19766,-0.55591,1.99522,-0.21109,-0.59699,2.25654,-0.22796,-0.21325,0.9784,-0.20109,-0.30437,1.6576,-0.22932,-0.31098,1.5426,-0.18748,-0.29255,1.32631,-0.15345,-0.02401,1.00337,-0.239,-0.1226,1.53488,-0.25672,-0.16465,1.4979,-0.21088,-0.18555,1.3611,-0.1685,,,
2026-09-29T17:33:07.032143,invitado,N,155.84500623924254,178.9336173986525,177.62123421366266,12.207303319012903,35.77988273310123,0.0,0.0,0.0,-0.31311,0.14799,0.05452,-0.49461,0.55557,0.04438,-0.52475,0.96765,0.02359,-0.49418,1.28493,-0.00587,-0.59191,0.76189,-0.10218,-0.64782,1.42745,-0.15919,-0.67157,1.79385,-0.19098,-0.6922,2.07817,-0.20827,-0.40892,0.89847,-0.15978,-0.49772,1.61131,-0.20112,-0.56197,1.99891,-0.21507,-0.60503,2.25922,-0.23196,-0.21378,0.98063,-0.20088,-0.30666,1.65705,-0.22892,-0.31353,1.54953,-0.18728,-0.29424,1.33575,-0.15334,-0.02598,1.01081,-0.23684,-0.1253,1.53381,-0.25324,-0.16439,1.49336,-0.20666,-0.18165,1.35242,-0.16366,,,
2026-09-29T17:59:05.143162,invitado,N,150.42608295950353,177.57351957553044,179.20134421765312,13.551266195040315,32.722693218959705,0.0,0.0,0.0,-0.27385,0.21178,0.02939,-0.37387,0.63806,0.01831,-0.31073,0.99492,0.00238,-0.20542,1.21338,-0.01978,-0.4262,0.8428,-0.10039,-0.42794,1.44274,-0.14014,-0.41978,1.7802,-0.15916,-0.40703,2.0562,-0.16805,-0.24699,0.96033,-0.12948,-0.27003,1.57465,-0.15633,-0.28979,1.96131,-0.16769,-0.29065,2.24028,-0.1772,-0.0627,0.99425,-0.14184,-0.07468,1.43786,-0.13823,-0.10377,1.26615,-0.09557,-0.10311,1.07506,-0.06293,0.09697,0.95139,-0.15269,0.04711,1.18626,-0.12951,0.01587,1.06009,-0.07431,0.0083,0.91874,-0.02857,,,
2026-09-29T17:59:05.500951,invitado,N,151.33543330886522,177.53206430061655,178.9433279629978,10.505647799778838,28.884871121317758,0.0,0.0,0.0,-0.26609,0.20608,0.03482,-0.39535,0.62395,0.02485,-0.36105,1.00335,0.008,-0.27004,1.24472,-0.01513,-0.46413,0.82244,-0.08292,-0.48966,1.42468,-0.11905,-0.49427,1.76861,-0.1343,-0.49535,2.04561,-0.13918,-0.2875,0.95028,-0.1196,-0.33988,1.57388,-0.14426,-0.37243,1.97014,-0.15534,-0.38854,2.26045,-0.1624,-0.10265,0.99858,-0.14031,-0.11502,1.43458,-0.14395,-0.12261,1.26389,-0.10674,-0.11418,1.06953,-0.07379,0.06964,0.97444,-0.15826,0.02905,1.21972,-0.13727,0.01367,1.08884,-0.07944,0.0125,0.94324,-0.02996,,,
2026-09-29T17:59:05.868995,invitado,N,151.55122047574446,178.1623958889044,179.44647964652688,8.872430454385809,21.892769472846773,0.0,0.0,0.0,-0.26388,0.19948,0.03655,-0.40963,0.61522,0.02775,-0.39586,1.00592,0.01028,-0.30564,1.26845,-0.01447,-0.491,0.81221,-0.07814,-0.50217,1.41435,-0.11883,-0.50049,1.76494,-0.13983,-0.4973,2.05158,-0.15003,-0.32322,0.93872,-0.1197,-0.35831,1.57771,-0.14978,-0.38319,1.97448,-0.16436,-0.39461,2.26092,-0.17544,-0.13743,0.99295,-0.14611,-0.14609,1.47791,-0.16277,-0.13943,1.30348,-0.12622,-0.12406,1.10126,-0.09261,0.04518,0.98195,-0.16936,0.00877,1.24986,-0.16514,-3e-05,1.10972,-0.11292,-0.00173,0.95823,-0.06599,,,
2026-09-29T17:59:06.187263,invitado,N,152.87643775725957,177.52629789838846,178.60296306809477,9.744423163972161,23.933910634853905,0.0,0.0,0.0,-0.2646,0.19092,0.04059,-0.40757,0.59404,0.0355,-0.40419,0.98468,0.02039,-0.32179,1.24637,-0.00194,-0.49191,0.80499,-0.06761,-0.50311,1.40464,-0.10513,-0.49771,1.75316,-0.12489,-0.48942,2.04124,-0.13474,-0.3276,0.9384,-0.10991,-0.35273,1.56853,-0.14229,-0.36658,1.98061,-0.15902,-0.36598,2.27664,-0.17003,-0.14202,0.98962,-0.1367,-0.13858,1.44512,-0.14992,-0.13914,1.26745,-0.11078,-0.13025,1.06984,-0.07519,0.04096,0.9713,-0.16054,0.00434,1.23603,-0.1505,-0.00161,1.09532,-0.09365,-0.00328,0.94122,-0.04344,,,
2026-09-29T17:59:06.571677,invitado,N,152.9331706751264,178.02152998019574,179.5785201404706,9.59945661235119,26.450930375446035,0.0,0.0,0.0,-0.27104,0.19225,0.03628,-0.41863,0.61021,0.03121,-0.41091,1.0142,0.01886,-0.32945,1.28209,0.00032,-0.49618,0.79949,-0.07222,-0.50977,1.40578,-0.10534,-0.50716,1.7556,-0.12292,-0.5039,2.04483,-0.13126,-0.32534,0.93935,-0.1085,-0.35865,1.57977,-0.13396,-0.38363,1.98834,-0.14749,-0.39242,2.28014,-0.15739,-0.14006,0.99887,-0.12918,-0.15249,1.45223,-0.13573,-0.15975,1.27502,-0.09917,-0.14887,1.07448,-0.06659,0.03697,0.99092,-0.14702,-0.01517,1.25886,-0.13089,-0.02619,1.12189,-0.07505,-0.02575,0.96897,-0.02688,,,
2026-09-29T17:59:06.919689,invitado,N,153.26684362865223,177.82186096827107,179.25608712415783,10.997364873291104,25.332587714108318,0.0,0.0,0.0,-0.26511,0.19229,0.0439,-0.40738,0.6034,0.04012,-0.39778,1.00216,0.02677,-0.31915,1.26898,0.00611,-0.49214,0.80445,-0.06939,-0.50498,1.41194,-0.10533,-0.50181,1.76324,-0.12413,-0.4962,2.0506,-0.13335,-0.32638,0.93863,-0.11158,-0.35729,1.58272,-0.13889,-0.37754,1.99014,-0.15264,-0.38365,2.27912,-0.16272,-0.14123,0.99363,-0.13766,-0.13835,1.44924,-0.14241,-0.138,1.27014,-0.10078,-0.12935,1.07232,-0.06598,0.04205,0.97945,-0.16085,0.00649,1.24566,-0.14388,0.00056,1.10238,-0.08531,-0.0012,0.94926,-0.03544,,,
2026-09-29T17:59:07.286904,invitado,N,154.22415111948231,178.8310580290408,179.80504414373965,10.41207510057548,24.1757283196944,0.0,0.0,0.0,-0.25783,0.19998,0.04217,-0.39439,0.61687,0.04178,-0.38235,1.01976,0.03207,-0.30562,1.28641,0.01554,-0.48259,0.8214,-0.05279,-0.4848,1.41112,-0.08407,-0.48095,1.75263,-0.10245,-0.47565,2.03216,-0.11162,-0.31986,0.94293,-0.09262,-0.34238,1.57154,-0.11454,-0.36111,1.96484,-0.1268,-0.36653,2.24385,-0.13572,-0.13937,0.99005,-0.11826,-0.13234,1.43855,-0.12403,-0.13237,1.26695,-0.08684,-0.1222,1.07339,-0.05401,0.04084,0.97442,-0.14108,0.006,1.24273,-0.12701,0.00034,1.10572,-0.07253,0.00014,0.95795,-0.02512,,,
2026-09-29T17:59:07.669793,invitado,N,152.80146596758468,178.87251585053718,179.65620874958773,11.236728765887065,22.598238872633406,0.0,0.0,0.0,-0.26066,0.19621,0.05484,-0.39694,0.59926,0.05823,-0.38813,0.97199,0.04833,-0.30602,1.21752,0.03118,-0.49137,0.81983,-0.03814,-0.48831,1.40922,-0.06698,-0.48171,1.74776,-0.08337,-0.47403,2.02383,-0.0922,-0.33697,0.93764,-0.08537,-0.34591,1.56672,-0.11089,-0.35429,1.96114,-0.12735,-0.35159,2.23962,-0.13926,-0.15792,0.98208,-0.11743,-0.13566,1.44799,-0.12441,-0.12674,1.27033,-0.08693,-0.11943,1.08061,-0.05424,0.02295,0.9645,-0.14577,0.00502,1.23416,-0.13178,0.00351,1.09087,-0.07774,-0.00158,0.94263,-0.03096,,,
2026-09-29T17:59:08.024415,invitado,N,153.68709228226643,178.82235057411052,179.66587696100908,10.458531766344537,21.26678064132218,0.0,0.0,0.0,-0.26055,0.19417,0.05569,-0.39217,0.59217,0.06127,-0.38354,0.95875,0.0531,-0.3071,1.2082,0.03849,-0.48232,0.81994,-0.02754,-0.47835,1.40436,-0.05213,-0.47004,1.73752,-0.06618,-0.46245,2.00774,-0.07366,-0.32747,0.94193,-0.07438,-0.33694,1.56004,-0.09475,-0.34736,1.94425,-0.10932,-0.34742,2.21461,-0.12011,-0.14959,0.98822,-0.10696,-0.12923,1.44645,-0.11326,-0.12035,1.2656,-0.07856,-0.11316,1.07389,-0.04764,0.02858,0.969,-0.13576,0.00957,1.22705,-0.12345,0.00853,1.08201,-0.07298,0.00351,0.93274,-0.02855,,,
2026-09-29T17:59:08.377487,invitado,N,155.5482053268476,176.9039339421175,178.25583295544936,12.247876769843167,24.177376188951104,0.0,0.0,0.0,-0.26219,0.19637,0.03984,-0.41603,0.62434,0.03389,-0.42365,1.0687,0.02183,-0.35577,1.36763,0.00283,-0.48499,0.83474,-0.08472,-0.47968,1.46343,-0.12704,-0.46051,1.8216,-0.14793,-0.44165,2.10833,-0.15787,-0.30881,0.94287,-0.12505,-0.3244,1.61292,-0.15886,-0.33119,2.0161,-0.16913,-0.32738,2.30389,-0.17722,-0.11749,0.98398,-0.14945,-0.13265,1.52356,-0.16626,-0.13687,1.36103,-0.11716,-0.1268,1.16251,-0.07614,0.06623,0.96627,-0.1704,0.01719,1.29289,-0.1671,0.00617,1.15734,-0.10848,0.0036,1.00562,-0.05693,,,
2026-09-29T17:59:08.687043,invitado,N,154.74093047002026,175.5593383111452,176.42898144025816,10.558551472889937,16.76125596739984,0.0,0.0,0.0,-0.3334,0.1458,0.01436,-0.57244,0.70786,-0.03741,-0.59032,1.36688,-0.08445,-0.52715,1.82788,-0.1452,-0.72497,0.72692,-0.22873,-0.72662,1.60156,-0.30711,-0.68633,2.07404,-0.34969,-0.66241,2.44679,-0.37994,-0.50053,0.81915,-0.28011,-0.53699,1.76914,-0.35021,-0.53298,2.29332,-0.36889,-0.51901,2.69595,-0.3965,-0.26391,0.90642,-0.30803,-0.30525,1.76534,-0.36153,-0.28469,1.57832,-0.29884,-0.25883,1.32986,-0.25563,-0.02838,0.99537,-0.33107,-0.10979,1.59492,-0.36817,-0.11095,1.45549,-0.30367,-0.11138,1.24455,-0.25208,,,
2026-09-29T17:59:09.053568,invitado,N,154.17459323494475,176.00834027980093,177.8737240825728,9.403040450908756,16.458675180281055,0.0,0.0,0.0,-0.3537,0.17423,0.00757,-0.58103,0.81107,-0.0795,-0.54311,1.54041,-0.16066,-0.44408,2.03025,-0.26011,-0.7715,0.70935,-0.32005,-0.76064,1.70225,-0.42129,-0.71275,2.22859,-0.47934,-0.68591,2.63214,-0.52639,-0.51351,0.767,-0.38474,-0.52833,1.86202,-0.47696,-0.51885,2.46236,-0.51019,-0.50354,2.91722,-0.56173,-0.24305,0.85204,-0.41957,-0.28201,1.87307,-0.47738,-0.26964,1.66954,-0.40554,-0.24933,1.38831,-0.36971,0.0116,0.96399,-0.4493,-0.06686,1.71501,-0.4998,-0.08368,1.57606,-0.43277,-0.09901,1.33164,-0.38624,,,
2026-09-29T17:59:09.436309,invitado,N,154.43977743854094,176.55284837183925,177.89740939485884,10.139778162950371,23.47477085999623,0.0,0.0,0.0,-0.34715,0.16442,0.01168,-0.57031,0.78987,-0.06234,-0.53193,1.49905,-0.129,-0.44306,1.98189,-0.21284,-0.75962,0.72242,-0.29888,-0.74157,1.68044,-0.38688,-0.69338,2.18655,-0.43183,-0.67022,2.57902,-0.46847,-0.50259,0.78736,-0.35703,-0.51594,1.8416,-0.43248,-0.50799,2.39158,-0.45215,-0.49409,2.8143,-0.49146,-0.23915,0.8689,-0.38635,-0.28206,1.83442,-0.4371,-0.28104,1.651,-0.37004,-0.2623,1.3939,-0.33411,0.01405,0.97127,-0.40957,-0.07663,1.67535,-0.45352,-0.10879,1.57628,-0.39209,-0.13253,1.37704,-0.34814,,,
2026-09-29T17:59:09.770006,invitado,N,154.12597229818314,175.91344223184004,177.09716714180692,11.537904559395466,21.05749999093001,0.0,0.0,0.0,-0.35652,0.13433,0.01529,-0.60764,0.71193,-0.04408,-0.62141,1.39099,-0.09547,-0.55772,1.85522,-0.16349,-0.76514,0.73068,-0.27576,-0.75401,1.64523,-0.36082,-0.70746,2.14217,-0.40507,-0.68033,2.52463,-0.43818,-0.51485,0.79187,-0.32845,-0.53248,1.80931,-0.40261,-0.52165,2.35329,-0.41981,-0.50507,2.76332,-0.45174,-0.25778,0.86674,-0.3535,-0.30781,1.80784,-0.4102,-0.29864,1.65121,-0.34481,-0.27756,1.40819,-0.30347,-0.00935,0.95524,-0.37177,-0.09949,1.64111,-0.41665,-0.12032,1.53264,-0.3536,-0.13723,1.32441,-0.30373,,,
2026-09-29T17:59:10.067050,invitado,N,154.61582669602936,177.66324949718413,177.85209023988335,9.752737505335693,19.970369554349816,0.0,0.0,0.0,-0.34976,0.14796,0.01818,-0.55748,0.75543,-0.0548,-0.51269,1.44156,-0.12331,-0.42339,1.90072,-0.20952,-0.73925,0.73496,-0.28671,-0.71761,1.65782,-0.37177,-0.67834,2.14305,-0.41507,-0.66181,2.52339,-0.45044,-0.48923,0.7997,-0.34804,-0.50382,1.80296,-0.42442,-0.49797,2.33592,-0.44383,-0.48553,2.74116,-0.48088,-0.23169,0.86807,-0.38018,-0.27079,1.78605,-0.43164,-0.26423,1.5942,-0.36461,-0.24629,1.33365,-0.32758,0.01423,0.94298,-0.40581,-0.06779,1.60903,-0.44751,-0.08955,1.48835,-0.38301,-0.10703,1.27555,-0.33628,,,
