timestamp,person,sign,pulgar,indice,medio,anular,menique,lm0_x,lm0_y,lm0_z,lm1_x,lm1_y,lm1_z,lm2_x,lm2_y,lm2_z,lm3_x,lm3_y,lm3_z,lm4_x,lm4_y,lm4_z,lm5_x,lm5_y,lm5_z,lm6_x,lm6_y,lm6_z,lm7_x,lm7_y,lm7_z,lm8_x,lm8_y,lm8_z,lm9_x,lm9_y,lm9_z,lm10_x,lm10_y,lm10_z,lm11_x,lm11_y,lm11_z,lm12_x,lm12_y,lm12_z,lm13_x,lm13_y,lm13_z,lm14_x,lm14_y,lm14_z,lm15_x,lm15_y,lm15_z,lm16_x,lm16_y,lm16_z,lm17_x,lm17_y,lm17_z,lm18_x,lm18_y,lm18_z,lm19_x,lm19_y,lm19_z,lm20_x,lm20_y,lm20_z,imu_roll,imu_pitch,imu_yaw,motivo
2026-09-29T16:39:19.846861,exp3,Y,164.21559628747724,28.919903239442913,24.357407048922628,23.210417408937236,15.037861928125519,0.0,0.0,0.0,0.25018,-0.04751,-0.09186,0.50771,-0.37311,-0.12811,0.74198,-0.60564,-0.16656,0.93575,-0.68217,-0.1832,0.50317,-0.84355,-0.01929,0.58536,-1.18756,-0.15983,0.48946,-0.87712,-0.22014,0.43346,-0.64196,-0.23112,0.34553,-0.93815,-0.02207,0.42901,-1.2722,-0.18608,0.3335,-0.83296,-0.20745,0.29691,-0.59669,-0.1707,0.1755,-0.98323,-0.05067,0.22141,-1.21503,-0.21018,0.16519,-0.79528,-0.16854,0.15412,-0.5983,-0.08667,0.00014,-0.99586,-0.08662,0.04969,-1.19096,-0.17212,0.03681,-0.89661,-0.12779,0.03486,-0.74056,-0.06319,,,,etiqueta equivocada (revisión manual)
2026-09-29T16:39:20.015888,exp3,Y,163.82265278969888,29.395999309861065,24.746183172122024,24.208167535880676,14.843241991449382,0.0,0.0,0.0,0.25177,-0.05736,-0.09231,0.50589,-0.37893,-0.12906,0.73939,-0.61095,-0.16797,0.93311,-0.68317,-0.18504,0.50529,-0.84351,-0.01657,0.57889,-1.18847,-0.15829,0.48347,-0.88167,-0.21981,0.43237,-0.64422,-0.23106,0.34616,-0.93798,-0.01915,0.42265,-1.27529,-0.18589,0.32791,-0.84531,-0.20954,0.29651,-0.60641,-0.17312,0.17543,-0.9802,-0.04761,0.21497,-1.20726,-0.20899,0.16017,-0.7908,-0.16883,0.15452,-0.58765,-0.08673,0.00033,-0.98838,-0.08348,0.04381,-1.1823,-0.17018,0.03083,-0.88849,-0.12662,0.03452,-0.72795,-0.06155,,,,etiqueta equivocada (revisión manual)
2026-09-29T16:39:20.191114,exp3,Y,162.20266304929262,29.066692904581096,24.272005427661927,23.12319667312802,13.908735711256714,0.0,0.0,0.0,0.24868,-0.05997,-0.09232,0.50355,-0.39075,-0.12934,0.7383,-0.62024,-0.16845,0.9346,-0.6874,-0.18587,0.50267,-0.84457,-0.01873,0.57108,-1.19096,-0.15932,0.47544,-0.88171,-0.21917,0.42866,-0.64601,-0.23002,0.34297,-0.9391,-0.02148,0.41511,-1.27554,-0.18616,0.32158,-0.8453,-0.20721,0.29233,-0.60845,-0.17009,0.17198,-0.9811,-0.05029,0.20747,-1.21499,-0.20972,0.15498,-0.79826,-0.16875,0.15107,-0.59189,-0.08729,-0.00249,-0.98918,-0.08664,0.03305,-1.18726,-0.17319,0.02339,-0.89453,-0.13118,0.03101,-0.73123,-0.06771,,,,etiqueta equivocada (revisión manual)
2026-09-29T16:39:20.340460,exp3,Y,162.61669384276183,28.99627726190939,23.594096353313645,21.9304492824401,14.344325814593784,0.0,0.0,0.0,0.24462,-0.05353,-0.09302,0.50162,-0.39041,-0.13191,0.73597,-0.62502,-0.1729,0.93587,-0.69714,-0.19309,0.49324,-0.84954,-0.02535,0.56987,-1.19593,-0.16605,0.47882,-0.88883,-0.22669,0.4297,-0.65078,-0.23816,0.33529,-0.94169,-0.02815,0.41409,-1.27495,-0.18797,0.32452,-0.84195,-0.20621,0.29278,-0.60439,-0.16884,0.1655,-0.98623,-0.05692,0.21024,-1.2268,-0.21316,0.16009,-0.80878,-0.17063,0.15206,-0.6031,-0.08961,-0.00874,-0.99772,-0.09333,0.03772,-1.20275,-0.17847,0.02897,-0.90672,-0.13455,0.02952,-0.73823,-0.07057,,,,etiqueta equivocada (revisión manual)
2026-09-29T16:39:20.939726,exp3,Y,162.84231461894367,30.014865294227388,24.94883512589216,24.79296074905233,17.505346899646486,0.0,0.0,0.0,0.24631,-0.04647,-0.09852,0.50011,-0.38098,-0.13894,0.73374,-0.62265,-0.17986,0.93413,-0.69153,-0.1986,0.49438,-0.84812,-0.02512,0.57198,-1.18311,-0.16818,0.47803,-0.87608,-0.2295,0.4252,-0.64011,-0.2408,0.33494,-0.9419,-0.02525,0.41758,-1.27617,-0.1925,0.32562,-0.84381,-0.21543,0.29273,-0.60494,-0.17859,0.16417,-0.98343,-0.05161,0.20823,-1.21063,-0.21402,0.16211,-0.79246,-0.17472,0.15892,-0.58965,-0.0933,-0.01019,-0.99039,-0.08571,0.03664,-1.18298,-0.1747,0.03273,-0.88386,-0.13297,0.04004,-0.71948,-0.06914,,,,etiqueta equivocada (revisión manual)
2026-09-29T16:39:21.081976,exp3,Y,164.32247256994086,28.77513738591417,24.033495934867293,23.860357725344038,14.587389872927124,0.0,0.0,0.0,0.2453,-0.03369,-0.10081,0.5065,-0.37053,-0.14051,0.74392,-0.61684,-0.18059,0.94513,-0.69471,-0.19728,0.50025,-0.84899,-0.02734,0.5807,-1.20371,-0.17409,0.4858,-0.88294,-0.23371,0.43722,-0.64406,-0.24257,0.34265,-0.93907,-0.02721,0.4242,-1.28115,-0.19664,0.33041,-0.8361,-0.21481,0.30239,-0.60143,-0.17379,0.17191,-0.98226,-0.05463,0.21547,-1.21641,-0.2218,0.16078,-0.78541,-0.1772,0.15832,-0.58659,-0.09078,-0.00347,-0.99375,-0.08999,0.04007,-1.19511,-0.18018,0.02681,-0.8909,-0.13502,0.03074,-0.72821,-0.06827,,,,etiqueta equivocada (revisión manual)
2026-09-29T16:39:21.245982,exp3,Y,164.08865671615834,30.010927074884435,24.87758341164667,25.911910301794595,17.266104650738573,0.0,0.0,0.0,0.24677,-0.04217,-0.10154,0.50069,-0.37063,-0.14355,0.73461,-0.61313,-0.18533,0.93779,-0.69177,-0.20459,0.50083,-0.8445,-0.02715,0.57972,-1.18163,-0.17108,0.48533,-0.87533,-0.23261,0.43087,-0.63945,-0.24373,0.34108,-0.93969,-0.02561,0.42224,-1.27203,-0.19255,0.32827,-0.83522,-0.21458,0.29581,-0.59866,-0.17686,0.16935,-0.98439,-0.05083,0.21374,-1.20177,-0.21445,0.16307,-0.78167,-0.17453,0.15919,-0.58429,-0.09206,-0.00679,-0.99561,-0.08385,0.04139,-1.18486,-0.1723,0.03401,-0.88678,-0.12901,0.03971,-0.72757,-0.06386,,,,etiqueta equivocada (revisión manual)
2026-09-29T16:39:21.423760,exp3,Y,163.54368960791177,28.983622353190018,24.437754856115358,24.045048384224316,16.023467697785097,0.0,0.0,0.0,0.2496,-0.04803,-0.09558,0.50742,-0.38826,-0.13247,0.74012,-0.63119,-0.17026,0.9383,-0.7052,-0.18613,0.49918,-0.84889,-0.02344,0.57573,-1.18922,-0.16419,0.48055,-0.87379,-0.22328,0.42915,-0.63672,-0.23368,0.33932,-0.94035,-0.02456,0.4186,-1.27094,-0.18839,0.32704,-0.83202,-0.20818,0.29599,-0.59736,-0.17066,0.16708,-0.98281,-0.05193,0.21064,-1.21312,-0.21391,0.15989,-0.78906,-0.17261,0.15419,-0.58946,-0.09064,-0.00999,-0.9919,-0.08663,0.03706,-1.18845,-0.17607,0.02732,-0.88774,-0.13318,0.02925,-0.7266,-0.06896,,,,etiqueta equivocada (revisión manual)
2026-09-29T16:39:21.584563,exp3,Y,164.14802071228277,28.894841906321638,24.349893511639802,24.69603691267995,17.962617463712753,0.0,0.0,0.0,0.24876,-0.04148,-0.09724,0.50576,-0.3777,-0.13628,0.73883,-0.62244,-0.17597,0.93661,-0.69876,-0.19284,0.49525,-0.84979,-0.02669,0.57488,-1.19245,-0.16993,0.48122,-0.87514,-0.22816,0.42879,-0.64001,-0.23696,0.33687,-0.94114,-0.02789,0.42059,-1.27843,-0.19485,0.3298,-0.83657,-0.21484,0.29824,-0.60414,-0.17611,0.16546,-0.98198,-0.0553,0.21417,-1.21008,-0.21964,0.16595,-0.78262,-0.1775,0.16163,-0.5866,-0.09391,-0.01107,-0.98951,-0.09011,0.03894,-1.18127,-0.18079,0.03395,-0.87657,-0.13764,0.03915,-0.71724,-0.07267,,,,etiqueta equivocada (revisión manual)
2026-09-29T16:39:21.807614,exp3,Y,164.02391758942113,29.656723630438982,24.887339879210682,25.724931222243693,17.602256684891728,0.0,0.0,0.0,0.24708,-0.04239,-0.0995,0.50137,-0.37288,-0.13899,0.73592,-0.61685,-0.17906,0.93694,-0.69376,-0.19638,0.50297,-0.84354,-0.02087,0.58164,-1.18733,-0.16534,0.48592,-0.88044,-0.22694,0.43223,-0.64239,-0.23756,0.3446,-0.93854,-0.0201,0.42517,-1.27348,-0.18853,0.33098,-0.83623,-0.21079,0.29992,-0.59729,-0.17245,0.17387,-0.98324,-0.04651,0.21753,-1.20521,-0.21215,0.1656,-0.78309,-0.17277,0.16196,-0.58251,-0.08983,-0.00181,-0.99421,-0.0806,0.0457,-1.18531,-0.17149,0.03706,-0.88186,-0.12968,0.04349,-0.71731,-0.06494,,,,etiqueta equivocada (revisión manual)
