timestamp,person,sign,pulgar,indice,medio,anular,menique,lm0_x,lm0_y,lm0_z,lm1_x,lm1_y,lm1_z,lm2_x,lm2_y,lm2_z,lm3_x,lm3_y,lm3_z,lm4_x,lm4_y,lm4_z,lm5_x,lm5_y,lm5_z,lm6_x,lm6_y,lm6_z,lm7_x,lm7_y,lm7_z,lm8_x,lm8_y,lm8_z,lm9_x,lm9_y,lm9_z,lm10_x,lm10_y,lm10_z,lm11_x,lm11_y,lm11_z,lm12_x,lm12_y,lm12_z,lm13_x,lm13_y,lm13_z,lm14_x,lm14_y,lm14_z,lm15_x,lm15_y,lm15_z,lm16_x,lm16_y,lm16_z,lm17_x,lm17_y,lm17_z,lm18_x,lm18_y,lm18_z,lm19_x,lm19_y,lm19_z,lm20_x,lm20_y,lm20_z
2026-09-26T22:15:50.276598,jorge,A,175.4246998664443,35.4064404336377,25.833425619471445,10.172025132511378,18.415967095802653,,,,,,,,,,,,,,,,,,,,,,,,,,,,,,,,,,,,,,,,,,,,,,,,,,,,,,,,,,,,,,,
2026-09-26T22:16:19.421178,jorge,A,163.94477948773573,43.67913575389788,42.29340151963286,31.517657423334114,28.601470714568833,,,,,,,,,,,,,,,,,,,,,,,,,,,,,,,,,,,,,,,,,,,,,,,,,,,,,,,,,,,,,,,
2026-09-26T22:16:25.823688,jorge,A,172.57533101216146,47.173161182425794,44.92848673548902,37.41081441916671,38.51554491008167,,,,,,,,,,,,,,,,,,,,,,,,,,,,,,,,,,,,,,,,,,,,,,,,,,,,,,,,,,,,,,,
2026-09-26T22:17:06.324916,jorge,A,170.86168218066518,48.94808203132986,45.94068069662308,34.99673702285513,30.281568300433328,,,,,,,,,,,,,,,,,,,,,,,,,,,,,,,,,,,,,,,,,,,,,,,,,,,,,,,,,,,,,,,
2026-09-26T22:17:10.805374,jorge,A,170.47549297531933,45.82647730529313,42.863388777531746,34.750365290747915,27.952597399721952,,,,,,,,,,,,,,,,,,,,,,,,,,,,,,,,,,,,,,,,,,,,,,,,,,,,,,,,,,,,,,,
2026-09-26T22:17:14.656267,jorge,A,175.22946242792077,50.3614298054855,48.05692051190984,40.19336998774339,32.61713325192565,,,,,,,,,,,,,,,,,,,,,,,,,,,,,,,,,,,,,,,,,,,,,,,,,,,,,,,,,,,,,,,
2026-09-26T22:17:18.512949,jorge,A,175.01322291476635,55.75215471261099,51.139718852094575,49.43176528438744,40.58768753942785,,,,,,,,,,,,,,,,,,,,,,,,,,,,,,,,,,,,,,,,,,,,,,,,,,,,,,,,,,,,,,,
2026-09-26T22:17:24.083752,jorge,A,172.49320090544722,52.98541845872485,45.681018944698565,37.078319287392034,35.953241708891646,,,,,,,,,,,,,,,,,,,,,,,,,,,,,,,,,,,,,,,,,,,,,,,,,,,,,,,,,,,,,,,
2026-09-26T22:17:29.920348,jorge,A,173.4854643772904,56.25105829237821,51.803792510362506,52.72691238141674,38.699920867076194,,,,,,,,,,,,,,,,,,,,,,,,,,,,,,,,,,,,,,,,,,,,,,,,,,,,,,,,,,,,,,,
2026-09-26T22:17:35.962658,jorge,A,174.4599019096556,52.8039701386391,51.01454595606197,38.42054248471227,36.68006936504608,,,,,,,,,,,,,,,,,,,,,,,,,,,,,,,,,,,,,,,,,,,,,,,,,,,,,,,,,,,,,,,
2026-09-28T18:40:30.159442,emi,A,166.4221357028053,55.25614079610107,48.96568343839441,40.64718481498655,48.87254217677261,,,,,,,,,,,,,,,,,,,,,,,,,,,,,,,,,,,,,,,,,,,,,,,,,,,,,,,,,,,,,,,
2026-09-28T18:40:35.626104,emi,A,165.6553138685902,45.07861299592575,37.17862947970981,16.49402400431403,11.354974038327043,,,,,,,,,,,,,,,,,,,,,,,,,,,,,,,,,,,,,,,,,,,,,,,,,,,,,,,,,,,,,,,
2026-09-28T18:40:42.874546,emi,A,171.7765585280748,43.43709643253548,30.829725142484374,14.094729343914503,13.039368323709782,,,,,,,,,,,,,,,,,,,,,,,,,,,,,,,,,,,,,,,,,,,,,,,,,,,,,,,,,,,,,,,
2026-09-28T18:40:48.142945,emi,A,173.2304685543097,41.926770799294566,31.884278806015363,13.443945572152113,9.064176157267184,,,,,,,,,,,,,,,,,,,,,,,,,,,,,,,,,,,,,,,,,,,,,,,,,,,,,,,,,,,,,,,
2026-09-28T18:40:57.458689,emi,A,176.321901425494,41.86821151358563,35.818304052499265,12.252375178055754,9.534492662797248,,,,,,,,,,,,,,,,,,,,,,,,,,,,,,,,,,,,,,,,,,,,,,,,,,,,,,,,,,,,,,,
2026-09-28T18:41:01.372464,emi,A,177.98843145584624,38.14405878973863,34.777774821443394,16.545979293221325,9.378332887622285,,,,,,,,,,,,,,,,,,,,,,,,,,,,,,,,,,,,,,,,,,,,,,,,,,,,,,,,,,,,,,,
2026-09-28T18:41:04.219866,emi,A,168.19365223713953,48.58985851137371,37.247530780401874,18.69412025342387,10.765807965093352,,,,,,,,,,,,,,,,,,,,,,,,,,,,,,,,,,,,,,,,,,,,,,,,,,,,,,,,,,,,,,,
2026-09-28T18:41:07.807673,emi,A,173.82294864715536,38.64901693837775,31.43180664928292,16.157169186795716,13.209028623392417,,,,,,,,,,,,,,,,,,,,,,,,,,,,,,,,,,,,,,,,,,,,,,,,,,,,,,,,,,,,,,,
2026-09-28T18:41:12.843831,emi,A,175.55560540910426,42.26180550641578,30.005961827383604,13.713135248424004,14.548004338729593,,,,,,,,,,,,,,,,,,,,,,,,,,,,,,,,,,,,,,,,,,,,,,,,,,,,,,,,,,,,,,,
2026-09-28T18:41:15.486058,emi,A,168.67456494470852,45.54868346277561,31.247293903884923,15.5957991450934,13.831458464810488,,,,,,,,,,,,,,,,,,,,,,,,,,,,,,,,,,,,,,,,,,,,,,,,,,,,,,,,,,,,,,,
2026-09-29T00:26:15.130114,jorge,A,175.01742024000575,43.96450985407246,38.51194584708229,23.828829628900028,27.355320263523588,0.0,0.0,0.0,-0.34864,-0.21929,-0.06078,-0.60573,-0.60044,-0.08692,-0.75039,-0.91939,-0.13375,-0.915,-1.08131,-0.16807,-0.29331,-0.98908,0.04827,-0.35431,-1.2426,-0.09921,-0.35746,-0.89996,-0.19954,-0.34053,-0.61903,-0.24149,-0.08971,-0.99577,0.02008,-0.15809,-1.25838,-0.13934,-0.18967,-0.85002,-0.19724,-0.18088,-0.57496,-0.19547,0.11567,-0.96436,-0.03418,0.06395,-1.27141,-0.18245,-0.00604,-0.8908,-0.15361,-0.02267,-0.61563,-0.08882,0.3309,-0.89642,-0.09545,0.278,-1.17046,-0.18363,0.18426,-0.93141,-0.14476,0.14519,-0.72955,-0.08715
2026-09-29T00:26:17.754189,jorge,A,172.9236214809082,39.7026610391198,31.79803293577931,21.292761647042237,25.68441214091181,0.0,0.0,0.0,-0.39665,-0.18294,-0.04196,-0.68905,-0.51471,-0.05892,-0.85981,-0.82107,-0.10441,-1.03462,-0.9757,-0.13623,-0.37813,-0.94904,0.08133,-0.46277,-1.24342,-0.06967,-0.45318,-0.89142,-0.16609,-0.41124,-0.62346,-0.2009,-0.18103,-0.98249,0.04415,-0.27731,-1.31093,-0.12078,-0.28621,-0.88137,-0.17438,-0.23653,-0.6214,-0.16288,0.02132,-0.98862,-0.01982,-0.07475,-1.32227,-0.17154,-0.11352,-0.91012,-0.13682,-0.07846,-0.6396,-0.06134,0.24023,-0.96421,-0.08979,0.14964,-1.2896,-0.16667,0.06774,-1.03858,-0.11561,0.06008,-0.82164,-0.04753
2026-09-29T00:26:20.228119,jorge,A,175.15044735168638,48.27597841609069,38.82447099446892,30.702367338035938,29.212749814239867,0.0,0.0,0.0,-0.34908,-0.17964,-0.08598,-0.63168,-0.55174,-0.1306,-0.79813,-0.85615,-0.18857,-0.97808,-0.99752,-0.23283,-0.35389,-0.97467,-0.01111,-0.39298,-1.2091,-0.17521,-0.3848,-0.86756,-0.27768,-0.36447,-0.59451,-0.3197,-0.14225,-0.98932,-0.03179,-0.19824,-1.25768,-0.21175,-0.21966,-0.84108,-0.2649,-0.21267,-0.55635,-0.25533,0.06342,-0.95313,-0.07818,0.01414,-1.19953,-0.25122,-0.0412,-0.80355,-0.22263,-0.06043,-0.52928,-0.15073,0.27271,-0.88416,-0.1311,0.21496,-1.12705,-0.23149,0.13449,-0.87953,-0.1916,0.09045,-0.67889,-0.13075
2026-09-29T00:26:23.027735,jorge,A,174.2368355386097,46.458891449422325,39.33434247145456,30.89138247868264,28.802348595899684,0.0,0.0,0.0,-0.37186,-0.171,-0.0864,-0.67334,-0.51131,-0.12889,-0.84981,-0.80107,-0.18608,-1.0239,-0.9604,-0.22828,-0.4132,-0.94335,0.00669,-0.47386,-1.19536,-0.15856,-0.45363,-0.8497,-0.26185,-0.42386,-0.57837,-0.30321,-0.20441,-0.97879,-0.01402,-0.28072,-1.25707,-0.20148,-0.28605,-0.83531,-0.26046,-0.26437,-0.55096,-0.2511,0.00231,-0.96282,-0.06181,-0.06887,-1.21913,-0.24286,-0.10485,-0.81352,-0.21626,-0.10434,-0.53374,-0.14103,0.21623,-0.91148,-0.11615,0.13792,-1.15891,-0.22291,0.0729,-0.89377,-0.18274,0.04726,-0.67922,-0.11803
2026-09-29T00:26:25.469942,jorge,A,172.5625903311448,47.7799405059597,40.266721576759714,30.187555350451014,32.315738443741736,0.0,0.0,0.0,-0.3754,-0.1524,-0.0996,-0.68497,-0.49786,-0.14441,-0.86348,-0.80932,-0.19886,-1.03396,-0.99508,-0.23681,-0.44662,-0.92303,-0.00661,-0.50752,-1.16498,-0.17523,-0.4655,-0.81864,-0.27911,-0.42484,-0.55169,-0.32189,-0.23589,-0.97153,-0.02182,-0.3165,-1.24376,-0.21379,-0.29995,-0.82607,-0.27415,-0.27215,-0.543,-0.2669,-0.02646,-0.96015,-0.06398,-0.10717,-1.21662,-0.25076,-0.11686,-0.80321,-0.21701,-0.10683,-0.52184,-0.13867,0.19038,-0.91088,-0.11347,0.10194,-1.11328,-0.2295,0.05747,-0.82372,-0.18766,0.04365,-0.6155,-0.12183
2026-09-29T00:26:27.973230,jorge,A,171.97185066113974,48.58485351267108,37.60190281598315,31.79491241062639,34.3987863043485,0.0,0.0,0.0,-0.36443,-0.15698,-0.0899,-0.65977,-0.51025,-0.12482,-0.82164,-0.81626,-0.17198,-0.97722,-1.00745,-0.20442,-0.41643,-0.93585,0.01498,-0.48476,-1.16265,-0.14821,-0.45585,-0.82305,-0.24929,-0.41511,-0.55728,-0.28937,-0.21471,-0.97666,-0.0055,-0.29951,-1.26656,-0.19288,-0.29863,-0.84964,-0.2506,-0.26517,-0.55423,-0.23667,-0.01121,-0.9569,-0.05404,-0.09534,-1.21004,-0.23926,-0.12012,-0.7975,-0.21348,-0.10742,-0.51376,-0.13633,0.20318,-0.89415,-0.10933,0.11034,-1.10264,-0.22725,0.05247,-0.82298,-0.19295,0.03858,-0.6101,-0.12995
2026-09-29T00:26:30.422008,jorge,A,171.4454542606295,46.90081773095598,39.66485261064621,29.514277710292756,31.24935512748727,0.0,0.0,0.0,-0.36581,-0.17259,-0.08811,-0.6576,-0.54851,-0.12353,-0.81053,-0.87692,-0.17071,-0.96192,-1.0801,-0.20221,-0.39675,-0.96012,0.00331,-0.44993,-1.19602,-0.15922,-0.42787,-0.84235,-0.25833,-0.39788,-0.56759,-0.2976,-0.18243,-0.9831,-0.01544,-0.2571,-1.24006,-0.19656,-0.25627,-0.81329,-0.24877,-0.2324,-0.5293,-0.23687,0.02809,-0.95015,-0.06127,-0.04495,-1.2047,-0.23904,-0.07294,-0.78718,-0.20145,-0.07054,-0.50575,-0.12216,0.24327,-0.87827,-0.11399,0.16367,-1.09036,-0.22461,0.10355,-0.8082,-0.18221,0.08403,-0.60439,-0.1169
2026-09-29T00:26:32.993273,jorge,A,167.79051257253272,51.93629032030394,42.47545373490793,34.752396976928715,37.93356082193708,0.0,0.0,0.0,-0.36553,-0.13778,-0.1031,-0.65678,-0.49867,-0.14276,-0.80198,-0.83648,-0.1901,-0.94435,-1.06712,-0.22239,-0.44435,-0.92407,-0.00318,-0.51678,-1.13321,-0.17179,-0.46697,-0.7925,-0.27897,-0.41885,-0.52333,-0.32328,-0.23768,-0.97117,-0.01834,-0.32964,-1.22574,-0.21186,-0.30858,-0.80689,-0.27656,-0.271,-0.50431,-0.26808,-0.02559,-0.95637,-0.06142,-0.11672,-1.19248,-0.25475,-0.12681,-0.77691,-0.22982,-0.11312,-0.48111,-0.15247,0.19474,-0.89948,-0.11155,0.09589,-1.08372,-0.23852,0.04874,-0.79384,-0.20332,0.03683,-0.57756,-0.13764
2026-09-29T00:26:35.318001,jorge,A,173.0835344863279,56.94044872802329,46.108498359456135,39.6887497305149,44.19760446273681,0.0,0.0,0.0,-0.34801,-0.17199,-0.08765,-0.62276,-0.54904,-0.12767,-0.76784,-0.87618,-0.17809,-0.92429,-1.06989,-0.21645,-0.37116,-0.95596,-0.01265,-0.44662,-1.13136,-0.17934,-0.41425,-0.7878,-0.28342,-0.37787,-0.52705,-0.32716,-0.16457,-0.98579,-0.03362,-0.2589,-1.20857,-0.22358,-0.25469,-0.79177,-0.28212,-0.22226,-0.50678,-0.27387,0.04171,-0.95193,-0.07929,-0.04825,-1.14904,-0.26678,-0.07556,-0.73445,-0.237,-0.06876,-0.45847,-0.16101,0.24973,-0.88041,-0.13073,0.14807,-1.03164,-0.24743,0.08843,-0.75174,-0.20979,0.07557,-0.56329,-0.14727
2026-09-29T00:26:37.509919,jorge,A,171.46976556350873,53.098186698049155,44.423798550834036,33.97494701460094,35.79491390395113,0.0,0.0,0.0,-0.35042,-0.1959,-0.08597,-0.61486,-0.58726,-0.12219,-0.74902,-0.92941,-0.16834,-0.88775,-1.14803,-0.20087,-0.3612,-0.97036,-0.00208,-0.4211,-1.16336,-0.16333,-0.39567,-0.8183,-0.26496,-0.3678,-0.55305,-0.30769,-0.15172,-0.98817,-0.0225,-0.22927,-1.20708,-0.19988,-0.22963,-0.79054,-0.25445,-0.20683,-0.51667,-0.24709,0.05815,-0.94388,-0.06822,-0.01512,-1.1637,-0.24587,-0.04824,-0.75402,-0.20957,-0.04878,-0.48486,-0.1329,0.26902,-0.85747,-0.1201,0.18576,-1.03802,-0.23115,0.1229,-0.75977,-0.18731,0.10603,-0.57218,-0.12187
