timestamp,person,sign,pulgar,indice,medio,anular,menique
2026-09-26T22:22:38.463734,jorge,B,114.25006975911641,170.98405356015502,170.9060488639884,173.7166559205284,179.3429688653996
2026-09-26T22:22:45.134593,jorge,B,114.5706936539104,168.3616205574276,170.08182166640293,174.25070965936865,178.8356623556339
2026-09-26T22:22:54.069766,jorge,B,118.32399034723124,168.3867942167912,170.3090305815306,174.39743474103324,178.5491188645555
2026-09-26T22:23:02.987514,jorge,B,116.88070932565186,167.3802016569329,169.6978838733858,174.71668890653297,178.58060967714692
2026-09-26T22:23:08.516365,jorge,B,119.66166801232377,169.60771314884016,171.07233637145902,174.09763334542527,179.5542003776098
2026-09-26T22:23:12.625248,jorge,B,123.04504542639513,169.59207841197377,170.33070987477873,174.09355821304018,178.89543167661768
2026-09-26T22:23:18.275166,jorge,B,118.25107160957107,168.75161733174883,170.26156450725304,173.18924894863218,179.52507821226368
2026-09-26T22:23:22.481272,jorge,B,118.79330857424354,168.49813161082332,169.6773018808851,173.31524209872063,179.75754641342206
2026-09-26T22:23:25.941650,jorge,B,117.37179954847198,167.81664235442835,169.29666080044635,174.1809544400904,178.70668273499635
2026-09-26T22:23:30.318230,jorge,B,117.85001512762429,167.90404609016306,169.61579399482156,173.3040557455126,178.76200420220093
2026-09-28T18:42:37.721772,emi,B,124.02771403315651,174.0961223072649,173.58637914058428,175.39722365013006,177.12191190184143
2026-09-28T18:42:41.277048,emi,B,116.84771725037527,175.4114322623813,174.96379129801286,176.71501067739896,174.69538007122085
2026-09-28T18:42:43.497428,emi,B,116.49570449252066,173.88773681723438,173.69214332643955,175.00057962816956,175.7016410172367
2026-09-28T18:42:46.927588,emi,B,118.28936970270227,175.54061085907216,175.70882615083988,177.45252457830836,175.09570885699023
2026-09-28T18:42:49.326169,emi,B,109.05942345400082,174.92086032967217,175.18569450559585,175.4395298464802,176.2798322924567
2026-09-28T18:42:51.128025,emi,B,114.52838798649626,175.03426903143006,174.85682072493339,176.79283653191274,175.78713098471184
2026-09-28T18:42:52.777370,emi,B,120.97584241603553,175.27812653982053,174.31857184997148,176.5282455564619,174.35690802958248
2026-09-28T18:42:56.330912,emi,B,121.8606823478937,175.40197337739923,175.26780644904312,176.28556782824973,174.5272968090157
2026-09-28T18:42:58.893564,emi,B,121.17784690988515,175.0737150692669,175.5413482754117,177.3221916627658,174.29341132289733
2026-09-28T18:43:00.988356,emi,B,128.84102132274631,174.99913336546498,175.42031204450947,177.85505145401586,173.21777225413322
